#
# A fatal error has been detected by the Java Runtime Environment:
#
#  SIGSEGV (0xb) at pc=0x0000000175b8a6d0, pid=77945, tid=95251
#
# JRE version: OpenJDK Runtime Environment Temurin-25.0.1+8 (25.0.1+8) (build 25.0.1+8-LTS)
# Java VM: OpenJDK 64-Bit Server VM Temurin-25.0.1+8 (25.0.1+8-LTS, mixed mode, sharing, tiered, compressed oops, compressed class ptrs, g1 gc, bsd-aarch64)
# Problematic frame:
# C  [libjfxwebkit.dylib+0x23426d0]  Java_com_sun_webkit_network_URLLoaderBase_twkDidFail+0x5f7ff0
#
# No core dump will be written. Core dumps have been disabled. To enable core dumping, try "ulimit -c unlimited" before starting Java again
#
# If you would like to submit a bug report, please visit:
#   https://github.com/adoptium/adoptium-support/issues
#

---------------  S U M M A R Y ------------

Command Line: -Dfile.encoding=UTF-8 -Duser.country=DE -Duser.language=de -Duser.variant de.kortty.ui.ToolTabRenderSmoke

Host: "Mac15,14" arm64, 28 cores, 96G, Darwin 27.0.0, macOS 27.0 (26A428)
Time: Tue Sep 29 14:21:22 2026 CEST elapsed time: 12.600463 seconds (0d 0h 0m 12s)

---------------  T H R E A D  ---------------

Current thread is native thread

Stack: [0x000000017fd58000,0x000000017fddb000],  sp=0x000000017fddad50,  free space=523k
Native frames: (J=compiled Java code, j=interpreted, Vv=VM code, C=native code)
C  [libjfxwebkit.dylib+0x23426d0]  Java_com_sun_webkit_network_URLLoaderBase_twkDidFail+0x5f7ff0
C  [libjfxwebkit.dylib+0x2340d18]  Java_com_sun_webkit_network_URLLoaderBase_twkDidFail+0x5f6638
C  [libjfxwebkit.dylib+0x2340c24]  Java_com_sun_webkit_network_URLLoaderBase_twkDidFail+0x5f6544
C  [libjfxwebkit.dylib+0x23414d0]  Java_com_sun_webkit_network_URLLoaderBase_twkDidFail+0x5f6df0
C  [libjfxwebkit.dylib+0x345086c]  WTF::RunLoop::dispatch(WTF::Function<void ()>&&)+0x20990
C  [libjfxwebkit.dylib+0x34b5708]  Java_com_sun_webkit_MainThread_twkSetShutdown+0x3470
C  [libsystem_pthread.dylib+0x6d00]  _pthread_start+0x88

siginfo: si_signo: 11 (SIGSEGV), si_code: 2 (SEGV_ACCERR), si_addr: 0x0000000000000000

Registers:
 x0=0x0000000000000000  x1=0x000000017fddad28  x2=0x0000000000000000  x3=0x0000000fffffc088
 x4=0x00000c0000000d00  x5=0x00000d0100000d00  x6=0x0000000000000000  x7=0x00000000027f598c
 x8=0x0000007c433789a0  x9=0x0000000000000002 x10=0xffffffffffffffff x11=0x0000000000000007
x12=0x0000000072493eb6 x13=0x0000007c4358bda0 x14=0x0000000000000d00 x15=0x0000000000000c00
x16=0x000000019e1e4a1c x17=0x00000c0000000d00 x18=0x0000000000000000 x19=0x0000000000000000
x20=0x0000007c4358bda0 x21=0x000000017fddae00 x22=0x000000762efcc170 x23=0x00000001631c4270
x24=0x00000002059a9450 x25=0x0000007c40100300 x26=0x0000007c40100300 x27=0x0000000000000002
x28=0x00000000fffffffe  fp=0x000000017fddadd0  lr=0x0000000175b8a620  sp=0x000000017fddad50
pc=0x0000000175b8a6d0 cpsr=0x0000000060001000

Top of Stack: (sp=0x000000017fddad50)
0x000000017fddad50:   000000017fddad90 0000007c432c9e90   ..........,C|...
0x000000017fddad60:   0000000000000000 0000000000000000   ................
0x000000017fddad70:   000000017fddae20 0000000000000000    ...............
0x000000017fddad80:   4024000000000000 0000000000000000   ......$@........
0x000000017fddad90:   0000000000000000 0000000000000000   ................
0x000000017fddada0:   0000007c432c9e40 0000007c432c9e90   @.,C|.....,C|...
0x000000017fddadb0:   0000007c432c9e90 0000007c432c9e40   ..,C|...@.,C|...
0x000000017fddadc0:   00000001631c4270 000000762efcc170   pB.c....p...v...
0x000000017fddadd0:   000000017fddaef0 0000000175b88d18   ...........u....
0x000000017fddade0:   000000017fddae10 0000000175b9a120   ........ ..u....
0x000000017fddadf0:   000000017fddae20 000000017fddaf40    .......@.......
0x000000017fddae00:   0000000100000001 0000000000000000   ................
0x000000017fddae10:   0000000000000000 0000000000000000   ................
0x000000017fddae20:   0000000000000001 00000001631c4270   ........pB.c....
0x000000017fddae30:   006b621900000000 0000000000000000   .....bk.........
0x000000017fddae40:   0000000000000000 000000793cad6000   .........`.<y...
0x000000017fddae50:   000000017fddaea0 0000000117580410   ..........X.....
0x000000017fddae60:   0000000000000000 0000000000000000   ................
0x000000017fddae70:   0000000000000000 0000000000000000   ................
0x000000017fddae80:   0000000000000000 0000000000000000   ................
0x000000017fddae90:   0000000000000000 0000000000000000   ................
0x000000017fddaea0:   0000000000000000 0000000000000000   ................
0x000000017fddaeb0:   0000000000000000 0000000000000000   ................
0x000000017fddaec0:   0000000000000000 0000000000000000   ................
0x000000017fddaed0:   000000762efcc170 0000007c4009cc58   p...v...X..@|...
0x000000017fddaee0:   00000001631c4270 000000762efcc170   pB.c....p...v...
0x000000017fddaef0:   000000017fddaf10 0000000175b88c24   ........$..u....
0x000000017fddaf00:   0000007c4009cc90 0000007c4009cc40   ...@|...@..@|...
0x000000017fddaf10:   000000017fddaf70 0000000175b894d0   p..........u....
0x000000017fddaf20:   0000007c407a8d80 0000000000000000   ..z@|...........
0x000000017fddaf30:   0000000000000000 0000000000000000   ................
0x000000017fddaf40:   0000000000000000 0000007c4009cc40   ........@..@|...

Instructions: (pc=0x0000000175b8a6d0)
  0x0000000175b8a5d0:   09 01 e9 b8 3f 05 00 71 c0 04 00 54 e0 42 00 91
  0x0000000175b8a5e0:   e8 63 00 91 e1 93 00 91 e2 03 19 aa 20 41 60 1e
  0x0000000175b8a5f0:   ff 00 00 94 d9 b6 40 f9 59 02 00 b4 e0 03 19 aa
  0x0000000175b8a600:   cd cd ff 97 88 22 00 91 29 00 80 52 08 01 e9 b8
  0x0000000175b8a610:   f4 0b 00 f9 e1 43 00 91 e0 03 19 aa 49 ce ff 97
  0x0000000175b8a620:   e0 0b 40 f9 ff 0b 00 f9 c0 00 00 b4 08 20 00 91
  0x0000000175b8a630:   09 00 80 12 09 01 e9 b8 3f 05 00 71 40 02 00 54
  0x0000000175b8a640:   bf 0a 00 79 bf fe 00 a9 e8 27 40 b9 a8 02 00 b9
  0x0000000175b8a650:   1f 05 00 71 c0 02 00 54 1f 09 00 71 21 04 00 54
  0x0000000175b8a660:   e0 0f 40 f9 e1 03 16 aa 76 01 00 94 1c 00 00 14
  0x0000000175b8a670:   09 fd 9f 88 08 00 40 f9 08 05 40 f9 00 01 3f d6
  0x0000000175b8a680:   d7 ff ff 17 09 fd 9f 88 08 00 40 f9 08 05 40 f9
  0x0000000175b8a690:   00 01 3f d6 bf 0a 00 79 bf fe 00 a9 e8 27 40 b9
  0x0000000175b8a6a0:   a8 02 00 b9 1f 05 00 71 81 fd ff 54 c8 86 46 39
  0x0000000175b8a6b0:   68 01 00 35 e8 4e 40 b9 1f 01 00 71 0c 01 00 54
  0x0000000175b8a6c0:   28 00 80 52 a8 12 00 39 e8 22 40 f9 00 09 40 f9
=>0x0000000175b8a6d0:   08 00 40 f9 08 09 40 f9 00 01 3f d6 e8 27 40 b9
  0x0000000175b8a6e0:   88 02 00 34 ff 4b 54 94 00 21 60 1e 28 02 00 54
  0x0000000175b8a6f0:   28 00 80 52 a8 16 00 39 8b b4 43 94 e8 23 00 91
  0x0000000175b8a700:   47 b7 43 94 e8 07 40 f9 a8 06 00 f9 00 e4 00 2f
  0x0000000175b8a710:   e0 03 18 aa 01 00 80 52 40 4c 54 94 82 b4 43 94
  0x0000000175b8a720:   e8 23 00 91 3e b7 43 94 e8 07 40 f9 a8 0a 00 f9
  0x0000000175b8a730:   f5 0f 40 f9 ff 0f 00 f9 35 02 00 b4 a0 0a 40 f9
  0x0000000175b8a740:   bf 0a 00 f9 c0 00 00 b4 28 00 80 12 08 00 28 b8
  0x0000000175b8a750:   1f 09 00 71 41 00 00 54 68 4c 45 94 a0 02 40 f9
  0x0000000175b8a760:   bf 02 00 f9 80 00 00 b4 08 00 40 f9 08 05 40 f9
  0x0000000175b8a770:   00 01 3f d6 e0 03 15 aa 95 da 45 94 88 22 00 91
  0x0000000175b8a780:   09 00 80 12 09 01 e9 b8 3f 05 00 71 00 02 00 54
  0x0000000175b8a790:   f3 00 00 b4 28 00 80 12 68 02 28 b8 1f 09 00 71
  0x0000000175b8a7a0:   61 00 00 54 e0 03 13 aa 54 4c 45 94 fd 7b 48 a9
  0x0000000175b8a7b0:   f4 4f 47 a9 f6 57 46 a9 f8 5f 45 a9 fa 67 44 a9
  0x0000000175b8a7c0:   e9 23 43 6d ff 43 02 91 c0 03 5f d6 09 fd 9f 88



---------------  P R O C E S S  ---------------

VM state: at safepoint (normal execution)

VM Mutex/Monitor currently owned by a thread:  ([mutex/lock_event])
[0x0000000117922558] Threads_lock - owner thread: 0x0000007934c52400
[0x00000001179226d8] Heap_lock - owner thread: 0x00000001032bb010

Heap address: 0x0000007001000000, size: 24576 MB, Compressed Oops mode: Non-zero disjoint base: 0x0000007000000000, Oop shift amount: 3

CDS archive(s) mapped at: [0x000000ff00000000-0x000000ff00d94000-0x000000ff00d94000), size 14237696, SharedBaseAddress: 0x000000ff00000000, ArchiveRelocationMode: 1.
Compressed class space mapped at: 0x000000ff01000000-0x000000ff41000000, reserved size: 1073741824
UseCompressedClassPointers 1, UseCompactObjectHeaders 0
Narrow klass pointer bits 32, Max shift 3
Narrow klass base: 0x000000ff00000000, Narrow klass shift: 0
Encoding Range: [0x000000ff00000000 - 0x0000010000000000), (4294967296 bytes)
Klass Range:    [0x000000ff00004000 - 0x000000ff41000000), (1090502656 bytes)
Klass ID Range:  [16384 - 1090519033) (1090502649)
Protection zone: [0x000000ff00000000 - 0x000000ff00004000), (16384 bytes)

GC Precious Log:
<Skipped>

Heap:
 garbage-first heap   total reserved 25165824K, committed 163840K, used 85551K [0x0000007001000000, 0x0000007601000000)
  region size 16384K, 6 young (98304K), 1 survivors (16384K)

Heap Regions: E=young(eden), S=young(survivor), O=old, HS=humongous(starts), HC=humongous(continues), CS=collection set, F=free, TAMS=top-at-mark-start, PB=parsable bottom
|   0|0x0000007001000000, 0x0000007002000000, 0x0000007002000000|100%| O|  |TAMS 0x0000007001000000| PB 0x0000007001000000| Untracked |  0
|   1|0x0000007002000000, 0x000000700238bcc8, 0x0000007003000000| 22%| O|  |TAMS 0x0000007002000000| PB 0x0000007002000000| Untracked |  0
|   2|0x0000007003000000, 0x0000007003000000, 0x0000007004000000|  0%| F|  |TAMS 0x0000007003000000| PB 0x0000007003000000| Untracked |  0
|   3|0x0000007004000000, 0x0000007004000000, 0x0000007005000000|  0%| F|  |TAMS 0x0000007004000000| PB 0x0000007004000000| Untracked |  0
|   4|0x0000007005000000, 0x000000700535ab30, 0x0000007006000000| 20%| E|  |TAMS 0x0000007005000000| PB 0x0000007005000000| Complete |  0
|   5|0x0000007006000000, 0x0000007007000000, 0x0000007007000000|100%| E|CS|TAMS 0x0000007006000000| PB 0x0000007006000000| Complete |  0
|   6|0x0000007007000000, 0x0000007008000000, 0x0000007008000000|100%| E|CS|TAMS 0x0000007007000000| PB 0x0000007007000000| Complete |  0
|   7|0x0000007008000000, 0x0000007009000000, 0x0000007009000000|100%| E|  |TAMS 0x0000007008000000| PB 0x0000007008000000| Complete |  0
|  14|0x000000700f000000, 0x0000007010000000, 0x0000007010000000|100%| S|CS|TAMS 0x000000700f000000| PB 0x000000700f000000| Complete |  0
|1535|0x0000007600000000, 0x0000007601000000, 0x0000007601000000|100%| E|CS|TAMS 0x0000007600000000| PB 0x0000007600000000| Complete |  0

Card table byte_map: [0x000000013274c000,0x000000013574c000] _byte_map_base: 0x00000000fa744000

Marking Bits: (CMBitMap*) 0x00000001032c3110
 Bits: [0x000000013574c000, 0x000000014d74c000)

Polling page: 0x0000000102c7c000

Metaspace:
Metaspace        used 38258K, committed 38720K, reserved 1114112K
 class space     used 4788K, committed 4992K, reserved 1048576K

Usage:
  Non-class:     32.68 MB used.
      Class:      4.68 MB used.
       Both:     37.36 MB used.

Virtual space:
  Non-class space:       64.00 MB reserved,      32.94 MB ( 51%) committed,  1 nodes.
      Class space:        1.00 GB reserved,       4.88 MB ( <1%) committed,  1 nodes.
             Both:        1.06 GB reserved,      37.81 MB (  3%) committed. 

Chunk freelists:
   Non-Class:  14.36 MB
       Class:  11.17 MB
        Both:  25.53 MB

MaxMetaspaceSize: unlimited
CompressedClassSpaceSize: 1.00 GB
Initial GC threshold: 21.00 MB
Current GC threshold: 59.19 MB
CDS: on
 - commit_granule_bytes: 65536.
 - commit_granule_words: 8192.
 - virtual_space_node_default_size: 8388608.
 - enlarge_chunks_in_place: 1.
UseCompressedClassPointers 1, UseCompactObjectHeaders 0
Narrow klass pointer bits 32, Max shift 3
Narrow klass base: 0x000000ff00000000, Narrow klass shift: 0
Encoding Range: [0x000000ff00000000 - 0x0000010000000000), (4294967296 bytes)
Klass Range:    [0x000000ff00004000 - 0x000000ff41000000), (1090502656 bytes)
Klass ID Range:  [16384 - 1090519033) (1090502649)
Protection zone: [0x000000ff00000000 - 0x000000ff00004000), (16384 bytes)


Internal statistics:

num_allocs_failed_limit: 6.
num_arena_births: 410.
num_arena_deaths: 0.
num_vsnodes_births: 2.
num_vsnodes_deaths: 0.
num_space_committed: 603.
num_space_uncommitted: 0.
num_chunks_returned_to_freelist: 6.
num_chunks_taken_from_freelist: 1534.
num_chunk_merges: 6.
num_chunk_splits: 1109.
num_chunks_enlarged: 878.
num_inconsistent_stats: 0.

CodeHeap 'non-profiled nmethods': size=119184Kb used=2018Kb max_used=2018Kb free=117165Kb
 bounds [0x00000001282e8000, 0x0000000128558000, 0x000000012f74c000]
CodeHeap 'profiled nmethods': size=119152Kb used=10064Kb max_used=10064Kb free=109087Kb
 bounds [0x000000012074c000, 0x000000012112c000, 0x0000000127ba8000]
CodeHeap 'non-nmethods': size=7424Kb used=2883Kb max_used=3496Kb free=4540Kb
 bounds [0x0000000127ba8000, 0x0000000127f28000, 0x00000001282e8000]
CodeCache: size=245760Kb, used=14965Kb, max_used=15578Kb, free=230792Kb
 total_blobs=6974, nmethods=5948, adapters=929, full_count=0
Compilation: enabled, stopped_count=0, restarted_count=0

Compilation events (20 events):
Event: 12.130 Thread 0x0000007934abde00 6453       1       com.sun.javafx.sg.prism.NGCamera::setViewWidth (6 bytes)
Event: 12.130 Thread 0x0000007934abde00 nmethod 6453 0x00000001284df008 code [0x00000001284df100, 0x00000001284df1e0]
Event: 12.130 Thread 0x0000007934abde00 6454       1       com.sun.javafx.sg.prism.NGCamera::setViewHeight (6 bytes)
Event: 12.130 Thread 0x0000007934abde00 nmethod 6454 0x00000001284df208 code [0x00000001284df300, 0x00000001284df3e0]
Event: 12.131 Thread 0x0000007934c3e800 nmethod 6451 0x000000012111ab48 code [0x000000012111ac40, 0x000000012111c628]
Event: 12.133 Thread 0x0000007934ca0000 nmethod 6452 0x000000012111c688 code [0x000000012111c780, 0x000000012111fc38]
Event: 12.185 Thread 0x0000007934c3de00 6458       4       java.awt.color.ColorSpace::getInstance (77 bytes)
Event: 12.186 Thread 0x0000007934c3de00 nmethod 6458 0x00000001284df408 code [0x00000001284df500, 0x00000001284df5b8]
Event: 12.262 Thread 0x0000007934c3de00 6465       4       sun.awt.image.IntegerComponentRaster::<init> (245 bytes)
Event: 12.282 Thread 0x0000007934c3de00 nmethod 6465 0x00000001284df608 code [0x00000001284df700, 0x00000001284e03d0]
Event: 12.313 Thread 0x0000007934c3de00 6470       4       jdk.internal.misc.Unsafe::convEndian (16 bytes)
Event: 12.313 Thread 0x0000007934c3de00 nmethod 6470 0x00000001284e0408 code [0x00000001284e0500, 0x00000001284e0578]
Event: 12.343 Thread 0x0000007934abde00 6474       3       java.lang.ref.Reference::clearImpl (5 bytes)
Event: 12.343 Thread 0x0000007934ca0000 6475   !   3       java.util.ArrayList$Itr::remove (68 bytes)
Event: 12.343 Thread 0x0000007934abde00 nmethod 6474 0x000000012111fc88 code [0x000000012111fd80, 0x000000012111fef8]
Event: 12.344 Thread 0x0000007934ca0000 nmethod 6475 0x000000012111ff08 code [0x0000000121120000, 0x00000001211205c8]
Event: 12.344 Thread 0x0000007934c3de00 6476       4       java.lang.ref.Reference::clear (5 bytes)
Event: 12.344 Thread 0x0000007934c3de00 nmethod 6476 0x00000001284e07c8 code [0x00000001284e08c0, 0x00000001284e0990]
Event: 12.371 Thread 0x0000007934c3e800 6477       3       java.util.concurrent.locks.AbstractQueuedSynchronizer::acquireSharedInterruptibly (36 bytes)
Event: 12.372 Thread 0x0000007934c3e800 nmethod 6477 0x0000000121120608 code [0x0000000121120700, 0x0000000121120d48]

GC Heap Usage History (12 events):
Event: 2.768 {heap Before GC invocations=0 (full 0):
 garbage-first heap   total reserved 25165824K, committed 1589248K, used 66686K [0x0000007001000000, 0x0000007601000000)
  region size 16384K, 4 young (65536K), 0 survivors (0K)
}
Event: 2.778 {heap After GC invocations=1 (full 0):
 garbage-first heap   total reserved 25165824K, committed 1589248K, used 11109K [0x0000007001000000, 0x0000007601000000)
  region size 16384K, 1 young (16384K), 1 survivors (16384K)
}
Event: 3.412 {heap Before GC invocations=1 (full 0):
 garbage-first heap   total reserved 25165824K, committed 1589248K, used 27493K [0x0000007001000000, 0x0000007601000000)
  region size 16384K, 3 young (49152K), 1 survivors (16384K)
}
Event: 3.423 {heap After GC invocations=2 (full 0):
 garbage-first heap   total reserved 25165824K, committed 1589248K, used 12719K [0x0000007001000000, 0x0000007601000000)
  region size 16384K, 1 young (16384K), 1 survivors (16384K)
}
Event: 7.173 {heap Before GC invocations=3 (full 0):
 garbage-first heap   total reserved 25165824K, committed 114688K, used 94639K [0x0000007001000000, 0x0000007601000000)
  region size 16384K, 6 young (98304K), 1 survivors (16384K)
}
Event: 7.194 {heap After GC invocations=4 (full 0):
 garbage-first heap   total reserved 25165824K, committed 147456K, used 19976K [0x0000007001000000, 0x0000007601000000)
  region size 16384K, 2 young (32768K), 2 survivors (32768K)
}
Event: 8.037 {heap Before GC invocations=4 (full 0):
 garbage-first heap   total reserved 25165824K, committed 147456K, used 69128K [0x0000007001000000, 0x0000007601000000)
  region size 16384K, 5 young (81920K), 2 survivors (32768K)
}
Event: 8.062 {heap After GC invocations=5 (full 0):
 garbage-first heap   total reserved 25165824K, committed 147456K, used 24649K [0x0000007001000000, 0x0000007601000000)
  region size 16384K, 1 young (16384K), 1 survivors (16384K)
}
Event: 8.257 {heap Before GC invocations=5 (full 0):
 garbage-first heap   total reserved 25165824K, committed 147456K, used 24649K [0x0000007001000000, 0x0000007601000000)
  region size 16384K, 2 young (32768K), 1 survivors (16384K)
}
Event: 8.267 {heap After GC invocations=6 (full 0):
 garbage-first heap   total reserved 25165824K, committed 147456K, used 29083K [0x0000007001000000, 0x0000007601000000)
  region size 16384K, 1 young (16384K), 1 survivors (16384K)
}
Event: 9.146 {heap Before GC invocations=6 (full 0):
 garbage-first heap   total reserved 25165824K, committed 278528K, used 242075K [0x0000007001000000, 0x0000007601000000)
  region size 16384K, 3 young (49152K), 1 survivors (16384K)
}
Event: 9.158 {heap After GC invocations=7 (full 0):
 garbage-first heap   total reserved 25165824K, committed 294912K, used 36399K [0x0000007001000000, 0x0000007601000000)
  region size 16384K, 1 young (16384K), 1 survivors (16384K)
}

Metaspace Usage History (12 events):
Event: 2.768 {metaspace Before GC invocations=0 (full 0):
 Metaspace       used 16605K, committed 16768K, reserved 1114112K
  class space    used 2001K, committed 2048K, reserved 1048576K
}
Event: 2.778 {metaspace After GC invocations=1 (full 0):
 Metaspace       used 16605K, committed 16768K, reserved 1114112K
  class space    used 2001K, committed 2048K, reserved 1048576K
}
Event: 3.412 {metaspace Before GC invocations=1 (full 0):
 Metaspace       used 21262K, committed 21504K, reserved 1114112K
  class space    used 2685K, committed 2816K, reserved 1048576K
}
Event: 3.423 {metaspace After GC invocations=2 (full 0):
 Metaspace       used 21262K, committed 21504K, reserved 1114112K
  class space    used 2685K, committed 2816K, reserved 1048576K
}
Event: 7.173 {metaspace Before GC invocations=3 (full 0):
 Metaspace       used 31343K, committed 31680K, reserved 1114112K
  class space    used 3896K, committed 4032K, reserved 1048576K
}
Event: 7.194 {metaspace After GC invocations=4 (full 0):
 Metaspace       used 31343K, committed 31680K, reserved 1114112K
  class space    used 3896K, committed 4032K, reserved 1048576K
}
Event: 8.037 {metaspace Before GC invocations=4 (full 0):
 Metaspace       used 34049K, committed 34432K, reserved 1114112K
  class space    used 4439K, committed 4608K, reserved 1048576K
}
Event: 8.062 {metaspace After GC invocations=5 (full 0):
 Metaspace       used 34049K, committed 34432K, reserved 1114112K
  class space    used 4439K, committed 4608K, reserved 1048576K
}
Event: 8.257 {metaspace Before GC invocations=5 (full 0):
 Metaspace       used 34144K, committed 34496K, reserved 1114112K
  class space    used 4441K, committed 4608K, reserved 1048576K
}
Event: 8.267 {metaspace After GC invocations=6 (full 0):
 Metaspace       used 34144K, committed 34496K, reserved 1114112K
  class space    used 4441K, committed 4608K, reserved 1048576K
}
Event: 9.146 {metaspace Before GC invocations=6 (full 0):
 Metaspace       used 35861K, committed 36160K, reserved 1114112K
  class space    used 4591K, committed 4736K, reserved 1048576K
}
Event: 9.158 {metaspace After GC invocations=7 (full 0):
 Metaspace       used 35861K, committed 36160K, reserved 1114112K
  class space    used 4591K, committed 4736K, reserved 1048576K
}

Dll operation events (15 events):
Event: 0.011 Loaded shared library /Library/Java/JavaVirtualMachines/temurin-25.jdk/Contents/Home/lib/libjava.dylib
Event: 0.073 Loaded shared library /Library/Java/JavaVirtualMachines/temurin-25.jdk/Contents/Home/lib/libnio.dylib
Event: 0.082 Loaded shared library /Library/Java/JavaVirtualMachines/temurin-25.jdk/Contents/Home/lib/libzip.dylib
Event: 0.225 Loaded shared library /Library/Java/JavaVirtualMachines/temurin-25.jdk/Contents/Home/lib/libnet.dylib
Event: 0.327 Loaded shared library /Library/Java/JavaVirtualMachines/temurin-25.jdk/Contents/Home/lib/libjimage.dylib
Event: 0.532 Loading shared library /Users/daniel/.gradle/caches/modules-2/files-2.1/org.openjfx/javafx-graphics/21.0.12/b3262f5dd2901b81a0d2707a63d778182ade93a8/libprism_es2.dylib failed, dlopen(/Users/daniel/.gradle/caches/modules-2/files-2.1/org.openjfx/javafx-grap
Event: 0.632 Loaded shared library /private/var/folders/8x/4_gn1b3s7j54krx80r11hm7r0000gn/T/kortty-tool-tab-render-smoke10978304821237734605/.openjfx/cache/21.0.12+2/aarch64/libprism_es2.dylib
Event: 0.783 Loading shared library /Users/daniel/.gradle/caches/modules-2/files-2.1/org.openjfx/javafx-graphics/21.0.12/b3262f5dd2901b81a0d2707a63d778182ade93a8/libglass.dylib failed, dlopen(/Users/daniel/.gradle/caches/modules-2/files-2.1/org.openjfx/javafx-graphics
Event: 0.869 Loaded shared library /private/var/folders/8x/4_gn1b3s7j54krx80r11hm7r0000gn/T/kortty-tool-tab-render-smoke10978304821237734605/.openjfx/cache/21.0.12+2/aarch64/libglass.dylib
Event: 1.983 Loading shared library /Users/daniel/.gradle/caches/modules-2/files-2.1/org.openjfx/javafx-graphics/21.0.12/b3262f5dd2901b81a0d2707a63d778182ade93a8/libjavafx_font.dylib failed, dlopen(/Users/daniel/.gradle/caches/modules-2/files-2.1/org.openjfx/javafx-gr
Event: 2.055 Loaded shared library /private/var/folders/8x/4_gn1b3s7j54krx80r11hm7r0000gn/T/kortty-tool-tab-render-smoke10978304821237734605/.openjfx/cache/21.0.12+2/aarch64/libjavafx_font.dylib
Event: 3.710 Loading shared library /Users/daniel/.gradle/caches/modules-2/files-2.1/org.openjfx/javafx-graphics/21.0.12/b3262f5dd2901b81a0d2707a63d778182ade93a8/libjfxwebkit.dylib failed, dlopen(/Users/daniel/.gradle/caches/modules-2/files-2.1/org.openjfx/javafx-grap
Event: 5.682 Loaded shared library /private/var/folders/8x/4_gn1b3s7j54krx80r11hm7r0000gn/T/kortty-tool-tab-render-smoke10978304821237734605/.openjfx/cache/21.0.12+2/aarch64/libjfxwebkit.dylib
Event: 11.109 Loaded shared library /Library/Java/JavaVirtualMachines/temurin-25.jdk/Contents/Home/lib/libawt.dylib
Event: 11.120 Loaded shared library /Library/Java/JavaVirtualMachines/temurin-25.jdk/Contents/Home/lib/libawt_lwawt.dylib

Deoptimization events (20 events):
Event: 11.666 Thread 0x0000007935252000 DEOPT PACKING pc=0x00000001208117f0 sp=0x000000017004ab50
Event: 11.666 Thread 0x0000007935252000 DEOPT UNPACKING pc=0x0000000127be50bc sp=0x000000017004a7c0 mode 0
Event: 11.689 Thread 0x0000007935252000 DEOPT PACKING pc=0x000000012081157c sp=0x000000017004a3d0
Event: 11.689 Thread 0x0000007935252000 DEOPT UNPACKING pc=0x0000000127be50bc sp=0x000000017004a040 mode 0
Event: 11.690 Thread 0x0000007935252000 Uncommon trap: trap_request=0xffffff45 fr.pc=0x00000001284d1cf4 relative=0x0000000000001ab4
Event: 11.690 Thread 0x0000007935252000 Uncommon trap: reason=unstable_if action=reinterpret pc=0x00000001284d1cf4 method=com.sun.marlin.Renderer._endRendering(IILcom/sun/marlin/MarlinAlphaConsumer;)V @ 2181 c2
Event: 11.690 Thread 0x0000007935252000 DEOPT PACKING pc=0x00000001284d1cf4 sp=0x000000017004a4a0
Event: 11.690 Thread 0x0000007935252000 DEOPT UNPACKING pc=0x0000000127cba19c sp=0x000000017004a330 mode 2
Event: 11.690 Thread 0x0000007935252000 Uncommon trap: trap_request=0xffffff45 fr.pc=0x00000001284bba58 relative=0x0000000000001b58
Event: 11.690 Thread 0x0000007935252000 Uncommon trap: reason=unstable_if action=reinterpret pc=0x00000001284bba58 method=com.sun.marlin.Renderer._endRendering(IILcom/sun/marlin/MarlinAlphaConsumer;)V @ 2181 c2
Event: 11.690 Thread 0x0000007935252000 DEOPT PACKING pc=0x00000001284bba58 sp=0x000000017004a4a0
Event: 11.690 Thread 0x0000007935252000 DEOPT UNPACKING pc=0x0000000127cba19c sp=0x000000017004a330 mode 2
Event: 12.152 Thread 0x0000007939070800 DEOPT PACKING pc=0x00000001210dc228 sp=0x000000016d1a37d0
Event: 12.153 Thread 0x0000007939070800 DEOPT UNPACKING pc=0x0000000127be50bc sp=0x000000016d1a34b0 mode 0
Event: 12.368 Thread 0x0000007939070800 DEOPT PACKING pc=0x0000000121085b5c sp=0x000000016d1a4430
Event: 12.368 Thread 0x0000007939070800 DEOPT UNPACKING pc=0x0000000127be50bc sp=0x000000016d1a4170 mode 3
Event: 12.373 Thread 0x0000007939070800 Uncommon trap: trap_request=0xffffff45 fr.pc=0x000000012845f010 relative=0x0000000000000150
Event: 12.373 Thread 0x0000007939070800 Uncommon trap: reason=unstable_if action=reinterpret pc=0x000000012845f010 method=java.util.Collections.unmodifiableList(Ljava/util/List;)Ljava/util/List; @ 28 c2
Event: 12.373 Thread 0x0000007939070800 DEOPT PACKING pc=0x000000012845f010 sp=0x000000016d1a3ff0
Event: 12.373 Thread 0x0000007939070800 DEOPT UNPACKING pc=0x0000000127cba19c sp=0x000000016d1a3f90 mode 2

Classes loaded (20 events):
Event: 11.169 Loading class java/util/concurrent/ConcurrentLinkedDeque$Node
Event: 11.169 Loading class java/util/concurrent/ConcurrentLinkedDeque$Node done
Event: 11.169 Loading class sun/java2d/DisposerTarget
Event: 11.169 Loading class sun/java2d/DisposerTarget done
Event: 11.169 Loading class javax/imageio/IIOImage
Event: 11.170 Loading class javax/imageio/IIOImage done
Event: 11.170 Loading class com/sun/imageio/plugins/png/PNGMetadata
Event: 11.171 Loading class javax/imageio/metadata/IIOMetadata
Event: 11.171 Loading class javax/imageio/metadata/IIOMetadata done
Event: 11.171 Loading class com/sun/imageio/plugins/png/PNGMetadata done
Event: 11.172 Loading class com/sun/imageio/plugins/png/ChunkStream
Event: 11.172 Loading class com/sun/imageio/plugins/png/ChunkStream done
Event: 11.172 Loading class com/sun/imageio/plugins/png/CRC
Event: 11.172 Loading class com/sun/imageio/plugins/png/CRC done
Event: 11.174 Loading class com/sun/imageio/plugins/png/IDATOutputStream
Event: 11.174 Loading class com/sun/imageio/plugins/png/IDATOutputStream done
Event: 11.174 Loading class java/util/zip/Deflater
Event: 11.175 Loading class java/util/zip/Deflater done
Event: 11.175 Loading class java/util/zip/Deflater$DeflaterZStreamRef
Event: 11.176 Loading class java/util/zip/Deflater$DeflaterZStreamRef done

Classes unloaded (0 events):
No events

Classes redefined (0 events):
No events

Internal exceptions (20 events):
Event: 9.071 Thread 0x0000007935252000 Exception <a 'java/lang/NoSuchMethodError'{0x000000705e4fb4c0}: 'java.lang.Object java.lang.invoke.Invokers$Holder.invokeExact_MT(java.lang.Object, java.lang.Object, java.lang.Object, java.lang.Object, java.lang.Object)'> (0x000000705e4fb4c0) 
thrown [src/hotspot/share/interpreter/linkResolver.cpp, line 804]
Event: 9.135 Thread 0x0000007939070800 Exception <a 'java/lang/NoSuchMethodError'{0x000000705e40dbc8}: 'void java.lang.invoke.DirectMethodHandle$Holder.invokeStatic(java.lang.Object, java.lang.Object, java.lang.Object, java.lang.Object, java.lang.Object, java.lang.Object, java.lang.Object, java.lang.Object, java.lang.Object, java.lang.Object, java.lang.Object, java.lang.Object, java.lang.Object)'> (0x000000705e40dbc8) 
thrown [src/hotspot/share/interpreter/linkResolver.cpp, line 804]
Event: 9.411 Thread 0x0000007935252000 Exception <a 'java/lang/NoSuchMethodError'{0x000000760024e2e0}: 'java.lang.Object java.lang.invoke.DirectMethodHandle$Holder.invokeStaticInit(java.lang.Object, int)'> (0x000000760024e2e0) 
thrown [src/hotspot/share/interpreter/linkResolver.cpp, line 804]
Event: 10.906 Thread 0x0000007939070800 Exception <a 'java/lang/NoSuchMethodError'{0x0000007600889578}: 'java.lang.Object java.lang.invoke.Invokers$Holder.invokeExact_MT(java.lang.Object, java.lang.Object, java.lang.Object, java.lang.Object, java.lang.Object, java.lang.Object)'> (0x0000007600889578) 
thrown [src/hotspot/share/interpreter/linkResolver.cpp, line 804]
Event: 10.939 Thread 0x0000007939070800 Exception <a 'java/lang/NoSuchMethodError'{0x00000076008c7430}: 'void java.lang.invoke.DelegatingMethodHandle$Holder.reinvoke_L(java.lang.Object, java.lang.Object, java.lang.Object, int, int)'> (0x00000076008c7430) 
thrown [src/hotspot/share/interpreter/linkResolver.cpp, line 804]
Event: 10.941 Thread 0x0000007939070800 Exception <a 'java/lang/NoSuchMethodError'{0x00000076008f26e8}: 'void java.lang.invoke.DirectMethodHandle$Holder.invokeStatic(java.lang.Object, java.lang.Object, java.lang.Object, int, int)'> (0x00000076008f26e8) 
thrown [src/hotspot/share/interpreter/linkResolver.cpp, line 804]
Event: 10.942 Thread 0x0000007939070800 Exception <a 'java/lang/NoSuchMethodError'{0x0000007600901db8}: 'java.lang.Object java.lang.invoke.DirectMethodHandle$Holder.newInvokeSpecial(java.lang.Object, java.lang.Object, java.lang.Object, int, int)'> (0x0000007600901db8) 
thrown [src/hotspot/share/interpreter/linkResolver.cpp, line 804]
Event: 10.988 Thread 0x0000007939070800 Exception <a 'java/lang/NoSuchMethodError'{0x000000760094d130}: 'double java.lang.invoke.DelegatingMethodHandle$Holder.reinvoke_L(java.lang.Object, java.lang.Object, int)'> (0x000000760094d130) 
thrown [src/hotspot/share/interpreter/linkResolver.cpp, line 804]
Event: 10.989 Thread 0x0000007939070800 Exception <a 'java/lang/NoSuchMethodError'{0x00000076009654f8}: 'void java.lang.invoke.DelegatingMethodHandle$Holder.reinvoke_L(java.lang.Object, java.lang.Object, double, double, double, double, double)'> (0x00000076009654f8) 
thrown [src/hotspot/share/interpreter/linkResolver.cpp, line 804]
Event: 10.993 Thread 0x0000007939070800 Exception <a 'java/lang/NoSuchMethodError'{0x000000760097f258}: 'java.lang.Object java.lang.invoke.DirectMethodHandle$Holder.invokeStatic(java.lang.Object, java.lang.Object, int)'> (0x000000760097f258) 
thrown [src/hotspot/share/interpreter/linkResolver.cpp, line 804]
Event: 10.994 Thread 0x0000007939070800 Exception <a 'java/lang/NoSuchMethodError'{0x0000007600987d80}: 'void java.lang.invoke.DirectMethodHandle$Holder.invokeSpecial(java.lang.Object, java.lang.Object, java.lang.Object, int, java.lang.Object)'> (0x0000007600987d80) 
thrown [src/hotspot/share/interpreter/linkResolver.cpp, line 804]
Event: 10.994 Thread 0x0000007939070800 Exception <a 'java/lang/NoSuchMethodError'{0x000000760098fe60}: 'void java.lang.invoke.DelegatingMethodHandle$Holder.delegate(java.lang.Object, java.lang.Object, int, java.lang.Object)'> (0x000000760098fe60) 
thrown [src/hotspot/share/interpreter/linkResolver.cpp, line 804]
Event: 10.997 Thread 0x0000007939070800 Exception <a 'java/lang/NoSuchMethodError'{0x00000076009b4708}: 'void java.lang.invoke.DirectMethodHandle$Holder.invokeStatic(java.lang.Object, java.lang.Object, double, double, double, double, double)'> (0x00000076009b4708) 
thrown [src/hotspot/share/interpreter/linkResolver.cpp, line 804]
Event: 10.999 Thread 0x0000007939070800 Exception <a 'java/lang/NoSuchMethodError'{0x00000076009ed378}: 'void java.lang.invoke.DelegatingMethodHandle$Holder.reinvoke_L(java.lang.Object, java.lang.Object, double, double, double)'> (0x00000076009ed378) 
thrown [src/hotspot/share/interpreter/linkResolver.cpp, line 804]
Event: 11.001 Thread 0x0000007939070800 Exception <a 'java/lang/NoSuchMethodError'{0x0000007600a0f5e8}: 'void java.lang.invoke.DirectMethodHandle$Holder.invokeStatic(java.lang.Object, java.lang.Object, double, double, double)'> (0x0000007600a0f5e8) 
thrown [src/hotspot/share/interpreter/linkResolver.cpp, line 804]
Event: 11.146 Thread 0x0000007939070800 Exception <a 'java/lang/ClassNotFoundException'{0x0000007600aa60a8}: sun/awt/resources/spi/awtProvider> (0x0000007600aa60a8) 
thrown [src/hotspot/share/classfile/systemDictionary.cpp, line 327]
Event: 11.149 Thread 0x0000007939070800 Exception <a 'java/io/FileNotFoundException'{0x0000007600aa8180}> (0x0000007600aa8180) 
thrown [src/hotspot/share/prims/jni.cpp, line 516]
Event: 11.149 Thread 0x0000007939070800 Exception <a 'java/io/FileNotFoundException'{0x0000007600aa8c48}> (0x0000007600aa8c48) 
thrown [src/hotspot/share/prims/jni.cpp, line 516]
Event: 11.640 Thread 0x0000007939070800 Exception <a 'java/lang/NoSuchMethodError'{0x0000007007761da0}: 'void java.lang.invoke.DirectMethodHandle$Holder.invokeStatic(java.lang.Object, java.lang.Object, java.lang.Object, java.lang.Object, java.lang.Object, java.lang.Object, java.lang.Object)'> (0x0000007007761da0) 
thrown [src/hotspot/share/interpreter/linkResolver.cpp, line 804]
Event: 11.642 Thread 0x0000007939070800 Exception <a 'java/lang/NoSuchMethodError'{0x0000007007774c68}: 'java.lang.Object java.lang.invoke.DirectMethodHandle$Holder.newInvokeSpecial(java.lang.Object, java.lang.Object, java.lang.Object, java.lang.Object, java.lang.Object, java.lang.Object)'> (0x0000007007774c68) 
thrown [src/hotspot/share/interpreter/linkResolver.cpp, line 804]

VM Operations (20 events):
Event: 7.577 Executing non-safepoint VM operation: HandshakeAllThreads (Deoptimize) done
Event: 8.037 Executing safepoint VM operation: G1CollectForAllocation (G1 Evacuation Pause)
Event: 8.062 Executing safepoint VM operation: G1CollectForAllocation (G1 Evacuation Pause) done
Event: 8.257 Executing safepoint VM operation: G1TryInitiateConcMark (G1 Humongous Allocation)
Event: 8.267 Executing safepoint VM operation: G1TryInitiateConcMark (G1 Humongous Allocation) done
Event: 9.146 Executing safepoint VM operation: CollectForMetadataAllocation (Metadata GC Threshold)
Event: 9.158 Executing safepoint VM operation: CollectForMetadataAllocation (Metadata GC Threshold) done
Event: 9.220 Executing safepoint VM operation: G1PauseRemark
Event: 9.224 Executing safepoint VM operation: G1PauseRemark done
Event: 9.244 Executing safepoint VM operation: G1PauseCleanup
Event: 9.244 Executing safepoint VM operation: G1PauseCleanup done
Event: 10.641 Executing non-safepoint VM operation: HandshakeAllThreads (Deoptimize)
Event: 10.641 Executing non-safepoint VM operation: HandshakeAllThreads (Deoptimize) done
Event: 10.993 Executing non-safepoint VM operation: HandshakeAllThreads (Deoptimize)
Event: 10.993 Executing non-safepoint VM operation: HandshakeAllThreads (Deoptimize) done
Event: 11.040 Executing non-safepoint VM operation: HandshakeAllThreads (Deoptimize)
Event: 11.040 Executing non-safepoint VM operation: HandshakeAllThreads (Deoptimize) done
Event: 11.088 Executing non-safepoint VM operation: HandshakeAllThreads (Deoptimize)
Event: 11.088 Executing non-safepoint VM operation: HandshakeAllThreads (Deoptimize) done
Event: 12.382 Executing safepoint VM operation: Exit

Memory protections (20 events):
Event: 12.021 Protecting memory [0x000000017fccc000,0x000000017fcd8000] with protection modes 3
Event: 12.021 Protecting memory [0x000000017fbb4000,0x000000017fbc0000] with protection modes 3
Event: 12.021 Protecting memory [0x00000001706a0000,0x00000001706ac000] with protection modes 3
Event: 12.023 Protecting memory [0x000000017fd58000,0x000000017fd64000] with protection modes 3
Event: 12.024 Protecting memory [0x000000017fc40000,0x000000017fc4c000] with protection modes 3
Event: 12.075 Protecting memory [0x00000001706a0000,0x00000001706ac000] with protection modes 0
Event: 12.075 Protecting memory [0x00000001706a0000,0x00000001706ac000] with protection modes 3
Event: 12.092 Protecting memory [0x000000017fbb4000,0x000000017fbc0000] with protection modes 0
Event: 12.092 Protecting memory [0x000000017fbb4000,0x000000017fbc0000] with protection modes 3
Event: 12.112 Protecting memory [0x000000017fccc000,0x000000017fcd8000] with protection modes 0
Event: 12.112 Protecting memory [0x000000017fccc000,0x000000017fcd8000] with protection modes 3
Event: 12.123 Protecting memory [0x000000017f9a8000,0x000000017f9b4000] with protection modes 3
Event: 12.153 Protecting memory [0x000000017fc40000,0x000000017fc4c000] with protection modes 0
Event: 12.153 Protecting memory [0x000000017fc40000,0x000000017fc4c000] with protection modes 3
Event: 12.378 Protecting memory [0x000000016fe4c000,0x000000016fe58000] with protection modes 3
Event: 12.378 Protecting memory [0x000000016c9b0000,0x000000016c9bc000] with protection modes 3
Event: 12.379 Protecting memory [0x000000017bbc8000,0x000000017bbd4000] with protection modes 0
Event: 12.379 Protecting memory [0x000000017bbc8000,0x000000017bbd4000] with protection modes 3
Event: 12.379 Protecting memory [0x000000017bdd4000,0x000000017bde0000] with protection modes 0
Event: 12.379 Protecting memory [0x000000017bdd4000,0x000000017bde0000] with protection modes 3

Nmethod flushes (20 events):
Event: 9.224 Thread 0x0000007934c52400 flushing  nmethod 0x00000001207f1d48
Event: 9.224 Thread 0x0000007934c52400 flushing  nmethod 0x000000012083da48
Event: 9.224 Thread 0x0000007934c52400 flushing  nmethod 0x0000000120857808
Event: 9.224 Thread 0x0000007934c52400 flushing  nmethod 0x00000001208619c8
Event: 9.224 Thread 0x0000007934c52400 flushing  nmethod 0x00000001208e7c48
Event: 9.224 Thread 0x0000007934c52400 flushing  nmethod 0x00000001208e93c8
Event: 9.224 Thread 0x0000007934c52400 flushing  nmethod 0x00000001208ed148
Event: 9.224 Thread 0x0000007934c52400 flushing  nmethod 0x00000001208efd48
Event: 9.224 Thread 0x0000007934c52400 flushing  nmethod 0x0000000120a13348
Event: 9.224 Thread 0x0000007934c52400 flushing  nmethod 0x0000000120a13d48
Event: 9.224 Thread 0x0000007934c52400 flushing  nmethod 0x0000000120a14ec8
Event: 9.224 Thread 0x0000007934c52400 flushing  nmethod 0x0000000120a80688
Event: 9.224 Thread 0x0000007934c52400 flushing  nmethod 0x0000000120a80e88
Event: 9.224 Thread 0x0000007934c52400 flushing  nmethod 0x0000000120a813c8
Event: 9.224 Thread 0x0000007934c52400 flushing  nmethod 0x0000000120a81bc8
Event: 9.224 Thread 0x0000007934c52400 flushing  nmethod 0x0000000120a82188
Event: 9.224 Thread 0x0000007934c52400 flushing  nmethod 0x0000000120a828c8
Event: 9.224 Thread 0x0000007934c52400 flushing  nmethod 0x0000000120a83108
Event: 9.224 Thread 0x0000007934c52400 flushing  nmethod 0x0000000120a835c8
Event: 9.224 Thread 0x0000007934c52400 flushing  nmethod 0x0000000120a83b08

Events (20 events):
Event: 12.021 Thread 0x000000793cad5000 Thread exited: 0x000000793cad5000
Event: 12.021 Thread 0x000000793cad4000 Thread exited: 0x000000793cad4000
Event: 12.023 Thread 0x000000793cad6000 Thread exited: 0x000000793cad6000
Event: 12.024 Thread 0x000000793cad4800 Thread exited: 0x000000793cad4800
Event: 12.075 Thread 0x000000793cad4000 Thread added: 0x000000793cad4000
Event: 12.075 Thread 0x000000793cad4000 Thread exited: 0x000000793cad4000
Event: 12.092 Thread 0x000000793cad4000 Thread added: 0x000000793cad4000
Event: 12.092 Thread 0x000000793cad4000 Thread exited: 0x000000793cad4000
Event: 12.112 Thread 0x000000793cad4000 Thread added: 0x000000793cad4000
Event: 12.112 Thread 0x000000793cad4000 Thread exited: 0x000000793cad4000
Event: 12.123 Thread 0x0000007934609e00 Thread exited: 0x0000007934609e00
Event: 12.153 Thread 0x000000793cad5000 Thread added: 0x000000793cad5000
Event: 12.153 Thread 0x000000793cad5000 Thread exited: 0x000000793cad5000
Event: 12.379 Thread 0x00000001032bb010 Thread added: 0x0000007935253000
Event: 12.379 Thread 0x00000001032bb010 Thread added: 0x0000007935252800
Event: 12.379 Thread 0x0000007939070800 Thread exited: 0x0000007939070800
Event: 12.379 Thread 0x0000007935252000 Thread exited: 0x0000007935252000
Event: 12.379 Thread 0x0000007935253000 Thread exited: 0x0000007935253000
Event: 12.379 Thread 0x0000007935252800 Thread exited: 0x0000007935252800
Event: 12.382 Thread 0x00000001032bb010 Before exit entered


Dynamic libraries:
0x0000000102c94000 	/Library/Java/JavaVirtualMachines/temurin-25.jdk/Contents/Home/lib/libjli.dylib
0x00000001bce48000 	/System/Library/Frameworks/ApplicationServices.framework/Versions/A/ApplicationServices
0x00000001a502b000 	/System/Library/Frameworks/CoreGraphics.framework/Versions/A/CoreGraphics
0x00000001a129d000 	/System/Library/Frameworks/CoreText.framework/Versions/A/CoreText
0x00000001ab95a000 	/System/Library/Frameworks/ImageIO.framework/Versions/A/ImageIO
0x00000001a5d60000 	/System/Library/Frameworks/ColorSync.framework/Versions/A/ColorSync
0x00000001b3023000 	/System/Library/Frameworks/ApplicationServices.framework/Versions/A/Frameworks/ATS.framework/Versions/A/ATS
0x00000001b5442000 	/System/Library/Frameworks/CoreServices.framework/Versions/A/CoreServices
0x00000001a57e0000 	/System/Library/Frameworks/ApplicationServices.framework/Versions/A/Frameworks/HIServices.framework/Versions/A/HIServices
0x00000001b170b000 	/System/Library/Frameworks/ApplicationServices.framework/Versions/A/Frameworks/PrintCore.framework/Versions/A/PrintCore
0x00000001b3377000 	/System/Library/Frameworks/ApplicationServices.framework/Versions/A/Frameworks/QD.framework/Versions/A/QD
0x00000001b3372000 	/System/Library/Frameworks/ApplicationServices.framework/Versions/A/Frameworks/ColorSyncLegacy.framework/Versions/A/ColorSyncLegacy
0x00000001b3018000 	/System/Library/Frameworks/ApplicationServices.framework/Versions/A/Frameworks/SpeechSynthesis.framework/Versions/A/SpeechSynthesis
0x00000001aedfa000 	/usr/lib/libSystem.B.dylib
0x00000001a49ef000 	/System/Library/PrivateFrameworks/SkyLight.framework/Versions/A/SkyLight
0x00000001a58fe000 	/System/Library/PrivateFrameworks/ProtocolBuffer.framework/Versions/A/ProtocolBuffer
0x00000001aedfe000 	/System/Library/PrivateFrameworks/SoftLinking.framework/Versions/A/SoftLinking
0x00000001a206f000 	/usr/lib/libicucore.A.dylib
0x00000001a839d000 	/System/Library/PrivateFrameworks/CoreAnalytics.framework/Versions/A/CoreAnalytics
0x00000001ab381000 	/System/Library/PrivateFrameworks/FontServices.framework/libFontParser.dylib
0x00000001b564f000 	/System/Library/Frameworks/Accelerate.framework/Versions/A/Accelerate
0x00000001aae7b000 	/System/Library/Frameworks/IOSurface.framework/Versions/A/IOSurface
0x00000001a914c000 	/usr/lib/libxml2.2.dylib
0x00000001a458d000 	/System/Library/Frameworks/CFNetwork.framework/Versions/A/CFNetwork
0x000000019e229000 	/System/Library/Frameworks/CoreFoundation.framework/Versions/A/CoreFoundation
0x000000019f953000 	/System/Library/Frameworks/Foundation.framework/Versions/C/Foundation
0x00000001aed47000 	/usr/lib/libz.1.dylib
0x000000019dd60000 	/usr/lib/libobjc.A.dylib
0x000000019e0f4000 	/usr/lib/libc++.1.dylib
0x00000001a1c5f000 	/System/Library/Frameworks/Security.framework/Versions/A/Security
0x000000025167c000 	/System/Library/PrivateFrameworks/CollectionsInternal.framework/Versions/A/CollectionsInternal
0x00000001b2754000 	/usr/lib/swift/libswiftCore.dylib
0x00000001ced8b000 	/usr/lib/swift/libswiftCoreFoundation.dylib
0x00000001ba6f2000 	/usr/lib/swift/libswiftDispatch.dylib
0x00000001cede5000 	/usr/lib/swift/libswiftIOKit.dylib
0x00000001bd524000 	/usr/lib/swift/libswiftObjectiveC.dylib
0x00000001ced9a000 	/usr/lib/swift/libswiftXPC.dylib
0x00000002caad8000 	/usr/lib/swift/libswift_Builtin_float.dylib
0x000000024dd60000 	/System/Library/PrivateFrameworks/BiomeLibrary.framework/Versions/A/BiomeLibrary
0x00000001a6907000 	/System/Library/PrivateFrameworks/BaseBoard.framework/Versions/A/BaseBoard
0x00000001ba9df000 	/System/Library/PrivateFrameworks/BoardServices.framework/Versions/A/BoardServices
0x00000001bc79a000 	/System/Library/PrivateFrameworks/BackBoardServices.framework/Versions/A/BackBoardServices
0x000000024d0f9000 	/System/Library/PrivateFrameworks/BackBoardHIDEventFoundation.framework/Versions/A/BackBoardHIDEventFoundation
0x00000001a9233000 	/System/Library/Frameworks/CoreVideo.framework/Versions/A/CoreVideo
0x00000001a83d4000 	/usr/lib/libDiagnosticMessagesClient.dylib
0x00000001a0dbf000 	/System/Library/Frameworks/CoreDisplay.framework/Versions/A/CoreDisplay
0x00000001ae0a4000 	/usr/lib/libbsm.0.dylib
0x00000001b1058000 	/System/Library/Frameworks/VideoToolbox.framework/Versions/A/VideoToolbox
0x00000001af09b000 	/System/Library/Frameworks/MetalPerformanceShaders.framework/Versions/A/MetalPerformanceShaders
0x00000001ad832000 	/System/Library/PrivateFrameworks/IOMobileFramebuffer.framework/Versions/A/IOMobileFramebuffer
0x00000002a459c000 	/System/Library/PrivateFrameworks/ProDisplayLibrary.framework/Versions/A/ProDisplayLibrary
0x00000001c07f8000 	/System/Library/PrivateFrameworks/IOSurfaceAccelerator.framework/Versions/A/IOSurfaceAccelerator
0x00000001a69dc000 	/System/Library/PrivateFrameworks/RunningBoardServices.framework/Versions/A/RunningBoardServices
0x000000019f5bc000 	/System/Library/Frameworks/SystemConfiguration.framework/Versions/A/SystemConfiguration
0x00000001aae9e000 	/System/Library/Frameworks/Metal.framework/Versions/A/Metal
0x00000001aae94000 	/System/Library/PrivateFrameworks/IOAccelerator.framework/Versions/A/IOAccelerator
0x00000001ab14f000 	/System/Library/Frameworks/CoreMedia.framework/Versions/A/CoreMedia
0x00000001a49c9000 	/System/Library/PrivateFrameworks/TCC.framework/Versions/A/TCC
0x00000001a4925000 	/usr/lib/libMobileGestalt.dylib
0x00000001b3227000 	/usr/lib/libSMC.dylib
0x00000001b1012000 	/System/Library/PrivateFrameworks/WatchdogClient.framework/Versions/A/WatchdogClient
0x00000001a892d000 	/System/Library/Frameworks/QuartzCore.framework/Versions/A/QuartzCore
0x00000001a26c6000 	/System/Library/Frameworks/IOKit.framework/Versions/A/IOKit
0x00000001af0a3000 	/usr/lib/libcompression.dylib
0x00000001b1014000 	/System/Library/PrivateFrameworks/MultitouchSupport.framework/Versions/A/MultitouchSupport
0x00000001a84de000 	/System/Library/Frameworks/DiskArbitration.framework/Versions/A/DiskArbitration
0x000000024d14a000 	/System/Library/PrivateFrameworks/BackBoardHIDTouchEventProcessor.framework/Versions/A/BackBoardHIDTouchEventProcessor
0x0000000267e3c000 	/System/Library/PrivateFrameworks/Gestures.framework/Versions/A/Gestures
0x00000001e6bda000 	/usr/lib/swift/libswiftAccelerate.dylib
0x00000001ced6c000 	/usr/lib/swift/libswiftCoreAudio.dylib
0x00000001dc5db000 	/usr/lib/swift/libswiftMetal.dylib
0x00000001ec96b000 	/usr/lib/swift/libswiftOSLog.dylib
0x00000001e23e4000 	/usr/lib/swift/libswiftQuartzCore.dylib
0x00000001e6bcc000 	/usr/lib/swift/libswiftUniformTypeIdentifiers.dylib
0x00000001bd528000 	/usr/lib/swift/libswiftos.dylib
0x00000001d24ff000 	/usr/lib/swift/libswiftsimd.dylib
0x00000001ddd60000 	/System/Library/PrivateFrameworks/BiomeStreams.framework/Versions/A/BiomeStreams
0x00000001e4173000 	/System/Library/PrivateFrameworks/BiomeStorage.framework/Versions/A/BiomeStorage
0x00000001d9cf7000 	/System/Library/PrivateFrameworks/BiomeFoundation.framework/Versions/A/BiomeFoundation
0x000000027bc42000 	/System/Library/PrivateFrameworks/IntelligencePlatformLibrary.framework/Versions/A/IntelligencePlatformLibrary
0x00000001a666d000 	/usr/lib/libsqlite3.dylib
0x00000002a2aff000 	/System/Library/PrivateFrameworks/PoirotSchematizer.framework/Versions/A/PoirotSchematizer
0x000000024d254000 	/System/Library/PrivateFrameworks/BiomeSync.framework/Versions/A/BiomeSync
0x00000001e0ffd000 	/System/Library/PrivateFrameworks/OSAnalytics.framework/Versions/A/OSAnalytics
0x000000024d240000 	/System/Library/PrivateFrameworks/BiomeDSL.framework/Versions/A/BiomeDSL
0x00000001e4122000 	/System/Library/PrivateFrameworks/BiomePubSub.framework/Versions/A/BiomePubSub
0x00000001cec65000 	/System/Library/PrivateFrameworks/LoggingSupport.framework/Versions/A/LoggingSupport
0x00000001bd62d000 	/System/Library/PrivateFrameworks/ProactiveSupport.framework/Versions/A/ProactiveSupport
0x000000021e66d000 	/System/Library/PrivateFrameworks/FeatureFlags.framework/Versions/A/FeatureFlags
0x00000001f57bd000 	/System/Library/PrivateFrameworks/InternalSwiftProtobuf.framework/Versions/A/InternalSwiftProtobuf
0x00000002a2bbc000 	/System/Library/PrivateFrameworks/PoirotUDFs.framework/Versions/A/PoirotUDFs
0x00000002cac08000 	/usr/lib/swift/libswift_StringProcessing.dylib
0x00000001aedf5000 	/usr/lib/system/libcache.dylib
0x00000001aedb2000 	/usr/lib/system/libcommonCrypto.dylib
0x00000001aeddb000 	/usr/lib/system/libcompiler_rt.dylib
0x00000001aedd0000 	/usr/lib/system/libcopyfile.dylib
0x000000019df1c000 	/usr/lib/system/libcorecrypto.dylib
0x000000019e027000 	/usr/lib/system/libdispatch.dylib
0x000000019ddbb000 	/usr/lib/system/libdyld.dylib
0x00000001aedeb000 	/usr/lib/system/libkeymgr.dylib
0x00000001aed95000 	/usr/lib/system/libmacho.dylib
0x00000001ae07c000 	/usr/lib/system/libquarantine.dylib
0x00000001aede8000 	/usr/lib/system/libremovefile.dylib
0x00000001a49b1000 	/usr/lib/system/libsystem_asl.dylib
0x000000019dea2000 	/usr/lib/system/libsystem_blocks.dylib
0x000000019e071000 	/usr/lib/system/libsystem_c.dylib
0x00000001aeddf000 	/usr/lib/system/libsystem_collections.dylib
0x00000001ac493000 	/usr/lib/system/libsystem_configuration.dylib
0x00000001aae40000 	/usr/lib/system/libsystem_containermanager.dylib
0x00000001ae78e000 	/usr/lib/system/libsystem_coreservices.dylib
0x00000001a2352000 	/usr/lib/system/libsystem_darwin.dylib
0x00000002cb065000 	/usr/lib/system/libsystem_darwindirectory.dylib
0x00000001aedec000 	/usr/lib/system/libsystem_dnssd.dylib
0x00000002cb069000 	/usr/lib/system/libsystem_eligibility.dylib
0x000000019e06e000 	/usr/lib/system/libsystem_featureflags.dylib
0x000000019e1fa000 	/usr/lib/system/libsystem_info.dylib
0x00000001aed56000 	/usr/lib/system/libsystem_m.dylib
0x000000019dfd1000 	/usr/lib/system/libsystem_malloc.dylib
0x00000001a4909000 	/usr/lib/system/libsystem_networkextension.dylib
0x00000001a27ac000 	/usr/lib/system/libsystem_notify.dylib
0x00000001ac498000 	/usr/lib/system/libsystem_sandbox.dylib
0x00000002cb074000 	/usr/lib/system/libsystem_sanitizers.dylib
0x00000001aede5000 	/usr/lib/system/libsystem_secinit.dylib
0x000000019e1a4000 	/usr/lib/system/libsystem_kernel.dylib
0x000000019e1f0000 	/usr/lib/system/libsystem_platform.dylib
0x000000019e1e3000 	/usr/lib/system/libsystem_pthread.dylib
0x00000001a6aa8000 	/usr/lib/system/libsystem_symptoms.dylib
0x000000019defc000 	/usr/lib/system/libsystem_trace.dylib
0x00000002cb07e000 	/usr/lib/system/libsystem_trial.dylib
0x00000001aedbf000 	/usr/lib/system/libunwind.dylib
0x000000019dea6000 	/usr/lib/system/libxpc.dylib
0x000000019e18a000 	/usr/lib/libc++abi.dylib
0x00000001a595c000 	/usr/lib/objc/libobjcMsgSend.dylib
0x00000002ca676000 	/usr/lib/libRosetta.dylib
0x00000002caec8000 	/usr/lib/swift/libswiftSynchronization.dylib
0x000000028c531000 	/System/Library/PrivateFrameworks/NSPredicateSecurityPolicy.framework/Versions/A/NSPredicateSecurityPolicy
0x00000001a910d000 	/System/Library/PrivateFrameworks/CoreAutoLayout.framework/Versions/A/CoreAutoLayout
0x00000001aedfc000 	/usr/lib/libfakelink.dylib
0x00000001aee4f000 	/usr/lib/libarchive.2.dylib
0x00000001ac4a5000 	/usr/lib/liblangid.dylib
0x00000001b4f80000 	/System/Library/Frameworks/Combine.framework/Versions/A/Combine
0x00000002a526a000 	/System/Library/PrivateFrameworks/ReflectionInternal.framework/Versions/A/ReflectionInternal
0x00000002a5915000 	/System/Library/PrivateFrameworks/RuntimeInternal.framework/Versions/A/RuntimeInternal
0x00000001cb4e3000 	/usr/lib/swift/libswiftDarwin.dylib
0x00000002cad1f000 	/usr/lib/swift/libswiftObservation.dylib
0x00000002caedc000 	/usr/lib/swift/libswiftSystem.dylib
0x00000002caad9000 	/usr/lib/swift/libswift_Concurrency.dylib
0x00000002cab66000 	/usr/lib/swift/libswift_DarwinFoundation1.dylib
0x00000001a264d000 	/System/Library/PrivateFrameworks/CoreServicesInternal.framework/Versions/A/CoreServicesInternal
0x00000001aedc9000 	/usr/lib/liboah.dylib
0x00000001bc976000 	/System/Library/PrivateFrameworks/DiskImages.framework/Versions/A/DiskImages
0x00000001cb023000 	/System/Library/Frameworks/NetFS.framework/Versions/A/NetFS
0x00000001a90dc000 	/System/Library/Frameworks/CoreServices.framework/Versions/A/Frameworks/FSEvents.framework/Versions/A/FSEvents
0x00000001a235c000 	/System/Library/Frameworks/CoreServices.framework/Versions/A/Frameworks/CarbonCore.framework/Versions/A/CarbonCore
0x00000001a845d000 	/System/Library/Frameworks/CoreServices.framework/Versions/A/Frameworks/Metadata.framework/Versions/A/Metadata
0x00000001ae795000 	/System/Library/Frameworks/CoreServices.framework/Versions/A/Frameworks/OSServices.framework/Versions/A/OSServices
0x00000001aef47000 	/System/Library/Frameworks/CoreServices.framework/Versions/A/Frameworks/SearchKit.framework/Versions/A/SearchKit
0x00000001a6a35000 	/System/Library/Frameworks/CoreServices.framework/Versions/A/Frameworks/AE.framework/Versions/A/AE
0x000000019e6ba000 	/System/Library/Frameworks/CoreServices.framework/Versions/A/Frameworks/LaunchServices.framework/Versions/A/LaunchServices
0x00000001b0448000 	/System/Library/Frameworks/CoreServices.framework/Versions/A/Frameworks/DictionaryServices.framework/Versions/A/DictionaryServices
0x00000001a90e8000 	/System/Library/Frameworks/CoreServices.framework/Versions/A/Frameworks/SharedFileList.framework/Versions/A/SharedFileList
0x00000001aefd8000 	/usr/lib/libapple_nghttp2.dylib
0x00000001a6ab0000 	/System/Library/Frameworks/Network.framework/Versions/A/Network
0x00000001a4924000 	/usr/lib/libenergytrace.dylib
0x00000001aed99000 	/usr/lib/system/libkxld.dylib
0x0000000249e7f000 	/System/Library/PrivateFrameworks/AppleKeyStore.framework/Versions/A/AppleKeyStore
0x00000002c9647000 	/usr/lib/libCoreEntitlements.dylib
0x00000002ca857000 	/usr/lib/libTLE.dylib
0x00000002823a2000 	/System/Library/PrivateFrameworks/MessageSecurity.framework/Versions/A/MessageSecurity
0x00000001b9be9000 	/System/Library/PrivateFrameworks/SymptomDiagnosticReporter.framework/Versions/A/SymptomDiagnosticReporter
0x00000001b0689000 	/System/Library/PrivateFrameworks/CrashReporterSupport.framework/Versions/A/CrashReporterSupport
0x00000001baeed000 	/System/Library/PrivateFrameworks/CoreTime.framework/Versions/A/CoreTime
0x00000001ae776000 	/System/Library/PrivateFrameworks/AppleFSCompression.framework/Versions/A/AppleFSCompression
0x00000001ae08c000 	/usr/lib/libcoretls.dylib
0x00000001b04bd000 	/usr/lib/libcoretls_cfhelpers.dylib
0x00000001af09d000 	/usr/lib/libpam.2.dylib
0x00000001b0530000 	/usr/lib/libxar.1.dylib
0x00000001b04bf000 	/System/Library/PrivateFrameworks/APFS.framework/Versions/A/APFS
0x00000002b69b3000 	/System/Library/PrivateFrameworks/SwiftASN1Internal.framework/Versions/A/SwiftASN1Internal
0x00000001b053f000 	/usr/lib/libutil.dylib
0x00000002ca7d2000 	/usr/lib/libswiftPrespecialized.dylib
0x00000001ac4a1000 	/System/Library/PrivateFrameworks/AppleSystemInfo.framework/Versions/A/AppleSystemInfo
0x0000000251b62000 	/System/Library/PrivateFrameworks/ConnectedMode.framework/Versions/A/ConnectedMode
0x0000000241b97000 	/System/Library/Frameworks/SwiftData.framework/Versions/A/SwiftData
0x00000001a44b7000 	/usr/lib/libboringssl.dylib
0x00000001a5915000 	/usr/lib/libdns_services.dylib
0x00000001cd7a5000 	/usr/lib/libquic.dylib
0x00000001b26e6000 	/usr/lib/libusrtcp.dylib
0x000000024c727000 	/System/Library/PrivateFrameworks/AtomicsInternal.framework/Versions/A/AtomicsInternal
0x00000002cacf9000 	/usr/lib/swift/libswiftDistributed.dylib
0x00000001a622e000 	/System/Library/Frameworks/CoreData.framework/Versions/A/CoreData
0x00000001b049e000 	/usr/lib/liblzma.5.dylib
0x00000002cab69000 	/usr/lib/swift/libswift_DarwinFoundation2.dylib
0x00000002cab6a000 	/usr/lib/swift/libswift_DarwinFoundation3.dylib
0x00000002cab6d000 	/usr/lib/swift/libswift_RegexParser.dylib
0x00000001b08cf000 	/usr/lib/libheimdal-asn1.dylib
0x00000001aefb4000 	/System/Library/PrivateFrameworks/AppleSauce.framework/Versions/A/AppleSauce
0x000000025d402000 	/System/Library/PrivateFrameworks/DeviceRecovery.framework/Versions/A/DeviceRecovery
0x00000001bad85000 	/System/Library/PrivateFrameworks/CoreSymbolication.framework/Versions/A/CoreSymbolication
0x00000001ed315000 	/System/Library/PrivateFrameworks/Symbolication.framework/Versions/A/Symbolication
0x00000001bad64000 	/System/Library/PrivateFrameworks/DebugSymbols.framework/Versions/A/DebugSymbols
0x00000002c8ebd000 	/usr/lib/libAppleArchive.dylib
0x00000001ae781000 	/usr/lib/libbz2.1.0.dylib
0x00000001cecdf000 	/System/Library/PrivateFrameworks/MallocStackLogging.framework/Versions/A/MallocStackLogging
0x00000001ae07f000 	/usr/lib/libCheckFix.dylib
0x00000001ac4a7000 	/System/Library/PrivateFrameworks/CoreNLP.framework/Versions/A/CoreNLP
0x00000001a83d6000 	/System/Library/PrivateFrameworks/MetadataUtilities.framework/Versions/A/MetadataUtilities
0x00000001ae0b5000 	/usr/lib/libmecab.dylib
0x000000019f64e000 	/usr/lib/libCRFSuite.dylib
0x00000001ae116000 	/usr/lib/libgermantok.dylib
0x00000001aefac000 	/usr/lib/libThaiTokenizer.dylib
0x00000001a84e8000 	/System/Library/Frameworks/Accelerate.framework/Versions/A/Frameworks/vImage.framework/Versions/A/vImage
0x00000001b5425000 	/System/Library/Frameworks/Accelerate.framework/Versions/A/Frameworks/vecLib.framework/Versions/A/vecLib
0x00000001b0575000 	/System/Library/Frameworks/Accelerate.framework/Versions/A/Frameworks/vecLib.framework/Versions/A/libvMisc.dylib
0x000000019eb69000 	/System/Library/Frameworks/Accelerate.framework/Versions/A/Frameworks/vecLib.framework/Versions/A/libBLAS.dylib
0x000000022bf76000 	/System/Library/Frameworks/OpenGL.framework/Versions/A/OpenGL
0x000000026920c000 	/System/Library/PrivateFrameworks/GPUCompiler.framework/Versions/32023/Libraries/libllvm-flatbuffers.dylib
0x0000000263d45000 	/System/Library/PrivateFrameworks/FramePacing.framework/Versions/A/FramePacing
0x000000022bf69000 	/System/Library/Frameworks/OpenGL.framework/Versions/A/Libraries/libCoreFSCache.dylib
0x0000000269206000 	/System/Library/PrivateFrameworks/GPUCompiler.framework/Versions/32023/Libraries/libGPUCompilerUtils.dylib
0x000000022bfc6000 	/System/Library/Frameworks/OpenGL.framework/Versions/A/Libraries/libGLU.dylib
0x000000022bf89000 	/System/Library/Frameworks/OpenGL.framework/Versions/A/Libraries/libGFXShared.dylib
0x000000022c155000 	/System/Library/Frameworks/OpenGL.framework/Versions/A/Libraries/libGL.dylib
0x000000022bf92000 	/System/Library/Frameworks/OpenGL.framework/Versions/A/Libraries/libGLImage.dylib
0x000000022bf86000 	/System/Library/Frameworks/OpenGL.framework/Versions/A/Libraries/libCVMSPluginSupport.dylib
0x000000022bf70000 	/System/Library/Frameworks/OpenGL.framework/Versions/A/Libraries/libCoreVMClient.dylib
0x00000001add60000 	/System/Library/Frameworks/Accelerate.framework/Versions/A/Frameworks/vecLib.framework/Versions/A/libvDSP.dylib
0x00000001af186000 	/System/Library/Frameworks/Accelerate.framework/Versions/A/Frameworks/vecLib.framework/Versions/A/libLAPACK.dylib
0x00000001ae119000 	/System/Library/Frameworks/Accelerate.framework/Versions/A/Frameworks/vecLib.framework/Versions/A/libLinearAlgebra.dylib
0x00000001aeff1000 	/System/Library/Frameworks/Accelerate.framework/Versions/A/Frameworks/vecLib.framework/Versions/A/libSparseBLAS.dylib
0x00000001af181000 	/System/Library/Frameworks/Accelerate.framework/Versions/A/Frameworks/vecLib.framework/Versions/A/libQuadrature.dylib
0x00000001ac5c9000 	/System/Library/Frameworks/Accelerate.framework/Versions/A/Frameworks/vecLib.framework/Versions/A/libBNNS.dylib
0x000000019f44f000 	/System/Library/Frameworks/Accelerate.framework/Versions/A/Frameworks/vecLib.framework/Versions/A/libSparse.dylib
0x0000000282abd000 	/System/Library/PrivateFrameworks/MIL.framework/Versions/A/MIL
0x00000001aee34000 	/usr/lib/libiconv.2.dylib
0x00000001aed94000 	/usr/lib/libcharset.1.dylib
0x00000001a9077000 	/System/Library/Frameworks/OpenDirectory.framework/Versions/A/Frameworks/CFOpenDirectory.framework/Versions/A/CFOpenDirectory
0x00000001b0b01000 	/System/Library/PrivateFrameworks/AppServerSupport.framework/Versions/A/AppServerSupport
0x00000001a910a000 	/usr/lib/libapp_launch_measurement.dylib
0x0000000276de7000 	/System/Library/PrivateFrameworks/InstalledContentLibrary.framework/Versions/A/InstalledContentLibrary
0x00000001a268c000 	/System/Library/PrivateFrameworks/CoreServicesStore.framework/Versions/A/CoreServicesStore
0x000000024a9c0000 	/System/Library/PrivateFrameworks/AppleMobileFileIntegrity.framework/Versions/A/AppleMobileFileIntegrity
0x00000001ced07000 	/usr/lib/libmis.dylib
0x00000001e283e000 	/System/Library/PrivateFrameworks/MobileSystemServices.framework/Versions/A/MobileSystemServices
0x0000000227c64000 	/System/Library/PrivateFrameworks/ConfigProfileHelper.framework/Versions/A/ConfigProfileHelper
0x00000001b0543000 	/usr/lib/libxslt.1.dylib
0x000000019f33d000 	/System/Library/PrivateFrameworks/Lexicon.framework/Versions/A/Lexicon
0x00000001ac5c3000 	/System/Library/PrivateFrameworks/LinguisticData.framework/Versions/A/LinguisticData
0x00000001ad907000 	/System/Library/PrivateFrameworks/BackgroundTaskManagement.framework/Versions/A/BackgroundTaskManagement
0x00000001b9c27000 	/System/Library/Frameworks/DiscRecording.framework/Versions/A/DiscRecording
0x00000001bcb17000 	/usr/lib/libcurl.4.dylib
0x00000001b9cd1000 	/System/Library/PrivateFrameworks/MediaKit.framework/Versions/A/MediaKit
0x00000001b2dd0000 	/System/Library/Frameworks/AudioToolbox.framework/Versions/A/AudioToolbox
0x00000001a0ed7000 	/System/Library/PrivateFrameworks/AudioToolboxCore.framework/Versions/A/AudioToolboxCore
0x00000001b2faa000 	/System/Library/PrivateFrameworks/AudioSession.framework/Versions/A/AudioSession
0x00000001bfb7e000 	/System/Library/Frameworks/CoreMIDI.framework/Versions/A/CoreMIDI
0x00000001b3015000 	/usr/lib/libAudioStatistics.dylib
0x00000001ab124000 	/System/Library/PrivateFrameworks/caulk.framework/Versions/A/caulk
0x00000001a14c1000 	/System/Library/Frameworks/CoreAudio.framework/Versions/A/CoreAudio
0x00000001d524f000 	/usr/lib/swift/libswiftCoreMIDI.dylib
0x00000001b3380000 	/System/Library/PrivateFrameworks/perfdata.framework/Versions/A/perfdata
0x00000001cd89c000 	/System/Library/PrivateFrameworks/SystemPolicy.framework/Versions/A/SystemPolicy
0x00000001b08b4000 	/usr/lib/libexpat.1.dylib
0x00000001b338b000 	/usr/lib/libperfcheck.dylib
0x000000024c7d0000 	/System/Library/PrivateFrameworks/AudioAnalytics.framework/Versions/A/AudioAnalytics
0x00000001f56ed000 	/System/Library/Frameworks/OSLog.framework/Versions/A/OSLog
0x00000001a9310000 	/System/Library/PrivateFrameworks/UserManagement.framework/Versions/A/UserManagement
0x000000023a3be000 	/System/Library/Frameworks/ExtensionFoundation.framework/Versions/A/ExtensionFoundation
0x00000001ad8e6000 	/System/Library/PrivateFrameworks/MobileKeyBag.framework/Versions/A/MobileKeyBag
0x00000001ac49f000 	/System/Library/PrivateFrameworks/AggregateDictionary.framework/Versions/A/AggregateDictionary
0x000000028d8e2000 	/System/Library/PrivateFrameworks/OSEligibility.framework/Versions/A/OSEligibility
0x000000023c21d000 	/System/Library/Frameworks/LightweightCodeRequirements.framework/Versions/A/LightweightCodeRequirements
0x00000001b07c1000 	/System/Library/PrivateFrameworks/PlugInKit.framework/Versions/A/PlugInKit
0x00000001ad8fc000 	/System/Library/PrivateFrameworks/AssertionServices.framework/Versions/A/AssertionServices
0x00000001b0ec5000 	/System/Library/PrivateFrameworks/AppleJPEG.framework/Versions/A/AppleJPEG
0x00000001b15e2000 	/System/Library/Frameworks/ImageIO.framework/Versions/A/Resources/libPng.dylib
0x00000001b160d000 	/System/Library/Frameworks/ImageIO.framework/Versions/A/Resources/libTIFF.dylib
0x00000001b16f3000 	/System/Library/Frameworks/ImageIO.framework/Versions/A/Resources/libGIF.dylib
0x00000001b0f0b000 	/System/Library/Frameworks/ImageIO.framework/Versions/A/Resources/libJP2.dylib
0x00000001b05ef000 	/usr/lib/libate.dylib
0x00000001b169b000 	/System/Library/Frameworks/ImageIO.framework/Versions/A/Resources/libJPEG.dylib
0x00000001b1693000 	/System/Library/Frameworks/ImageIO.framework/Versions/A/Resources/libRadiance.dylib
0x00000002cad44000 	/usr/lib/swift/libswiftRegexBuilder.dylib
0x00000001a3fe0000 	/System/Library/Frameworks/UniformTypeIdentifiers.framework/Versions/A/UniformTypeIdentifiers
0x00000001abe22000 	/System/Library/Frameworks/CoreImage.framework/Versions/A/CoreImage
0x00000001bd76f000 	/System/Library/PrivateFrameworks/ASEProcessing.framework/Versions/A/ASEProcessing
0x00000002a1426000 	/System/Library/PrivateFrameworks/PhotosensitivityProcessing.framework/Versions/A/PhotosensitivityProcessing
0x00000001dd4c6000 	/System/Library/PrivateFrameworks/TimeSync.framework/Versions/A/TimeSync
0x000000024a9d5000 	/System/Library/PrivateFrameworks/AppleMSG.framework/Versions/A/AppleMSG
0x00000002a9cca000 	/System/Library/PrivateFrameworks/SILManager.framework/Versions/A/SILManager
0x00000001b0ab1000 	/System/Library/PrivateFrameworks/GraphVisualizer.framework/Versions/A/GraphVisualizer
0x00000001b340a000 	/System/Library/PrivateFrameworks/MobileAsset.framework/Versions/A/MobileAsset
0x0000000263d41000 	/System/Library/PrivateFrameworks/FontServices.framework/Versions/A/FontServices
0x00000001b0ac8000 	/System/Library/PrivateFrameworks/OTSVG.framework/Versions/A/OTSVG
0x00000001a8d9e000 	/System/Library/Frameworks/ApplicationServices.framework/Versions/A/Frameworks/ATS.framework/Versions/A/Resources/libFontRegistry.dylib
0x00000001d6302000 	/System/Library/PrivateFrameworks/SoftwareUpdateCoreSupport.framework/Versions/A/SoftwareUpdateCoreSupport
0x00000001de47c000 	/System/Library/PrivateFrameworks/SoftwareUpdateCoreConnect.framework/Versions/A/SoftwareUpdateCoreConnect
0x00000001bd4b8000 	/System/Library/PrivateFrameworks/StreamingZip.framework/Versions/A/StreamingZip
0x00000001bca69000 	/System/Library/PrivateFrameworks/RemoteServiceDiscovery.framework/Versions/A/RemoteServiceDiscovery
0x00000001d5e57000 	/System/Library/PrivateFrameworks/MSUDataAccessor.framework/Versions/A/MSUDataAccessor
0x00000001d0b3d000 	/usr/lib/libbootpolicy.dylib
0x00000001e6dda000 	/usr/lib/libpartition2_dynamic.dylib
0x00000001bca7f000 	/System/Library/PrivateFrameworks/RemoteXPC.framework/Versions/A/RemoteXPC
0x00000001dd413000 	/usr/lib/libFDR.dylib
0x00000001e3d44000 	/usr/lib/libamsupport.dylib
0x00000002ca66f000 	/usr/lib/libReverseProxyDevice.dylib
0x0000000249657000 	/System/Library/PrivateFrameworks/AppleDeviceQuerySupport.framework/Versions/A/AppleDeviceQuerySupport
0x00000002c9b56000 	/usr/lib/libhvf.dylib
0x000000029e8b2000 	/System/Library/PrivateFrameworks/ParsingInternal.framework/Versions/A/ParsingInternal
0x0000000263c32000 	/System/Library/PrivateFrameworks/FontServices.framework/libXTFontStaticRegistryData.dylib
0x00000001ac3e1000 	/System/Library/Frameworks/MetalPerformanceShaders.framework/Versions/A/Frameworks/MPSCore.framework/Versions/A/MPSCore
0x00000001ae6e7000 	/System/Library/Frameworks/MetalPerformanceShaders.framework/Versions/A/Frameworks/MPSImage.framework/Versions/A/MPSImage
0x00000001ae12d000 	/System/Library/Frameworks/MetalPerformanceShaders.framework/Versions/A/Frameworks/MPSNeuralNetwork.framework/Versions/A/MPSNeuralNetwork
0x00000001ae4e5000 	/System/Library/Frameworks/MetalPerformanceShaders.framework/Versions/A/Frameworks/MPSMatrix.framework/Versions/A/MPSMatrix
0x00000001ae34a000 	/System/Library/Frameworks/MetalPerformanceShaders.framework/Versions/A/Frameworks/MPSRayIntersector.framework/Versions/A/MPSRayIntersector
0x00000001ae514000 	/System/Library/Frameworks/MetalPerformanceShaders.framework/Versions/A/Frameworks/MPSNDArray.framework/Versions/A/MPSNDArray
0x000000023d144000 	/System/Library/Frameworks/MetalPerformanceShaders.framework/Versions/A/Frameworks/MPSFunctions.framework/Versions/A/MPSFunctions
0x000000023d132000 	/System/Library/Frameworks/MetalPerformanceShaders.framework/Versions/A/Frameworks/MPSBenchmarkLoop.framework/Versions/A/MPSBenchmarkLoop
0x000000023d157000 	/System/Library/Frameworks/MetalPerformanceShaders.framework/Versions/A/Frameworks/MPSHost.framework/Versions/A/MPSHost
0x000000019e9ba000 	/System/Library/PrivateFrameworks/MetalTools.framework/Versions/A/MetalTools
0x0000000285702000 	/System/Library/PrivateFrameworks/MTL3On4.framework/Versions/A/MTL3On4
0x00000001d3a3f000 	/System/Library/PrivateFrameworks/IOAccelMemoryInfo.framework/Versions/A/IOAccelMemoryInfo
0x00000001e272c000 	/System/Library/PrivateFrameworks/kperf.framework/Versions/A/kperf
0x00000001ced69000 	/System/Library/PrivateFrameworks/GPURawCounter.framework/Versions/A/GPURawCounter
0x00000001df79d000 	/System/Library/PrivateFrameworks/IOKitten.framework/Versions/A/IOKitten
0x00000002ba25c000 	/System/Library/PrivateFrameworks/Tightbeam.framework/Versions/A/Tightbeam
0x00000001dc5e3000 	/usr/lib/swift/libswiftCompression.dylib
0x00000001e728f000 	/System/Library/PrivateFrameworks/AFKUser.framework/Versions/A/AFKUser
0x00000001b09ce000 	/System/Library/PrivateFrameworks/MediaExperience.framework/Versions/A/MediaExperience
0x00000001b2d7d000 	/System/Library/PrivateFrameworks/AudioSession.framework/libSessionUtility.dylib
0x00000001b16f9000 	/System/Library/PrivateFrameworks/CMCaptureCore.framework/Versions/A/CMCaptureCore
0x00000001b0b0d000 	/usr/lib/libspindump.dylib
0x00000001b9bf6000 	/System/Library/PrivateFrameworks/PowerLog.framework/Versions/A/PowerLog
0x00000001b9ad3000 	/System/Library/Frameworks/CoreBluetooth.framework/Versions/A/CoreBluetooth
0x00000001ade9d000 	/System/Library/PrivateFrameworks/CoreUtils.framework/Versions/A/CoreUtils
0x00000001c58a9000 	/System/Library/PrivateFrameworks/HID.framework/Versions/A/HID
0x000000025c1e8000 	/System/Library/PrivateFrameworks/CoreUtilsExtras.framework/Versions/A/CoreUtilsExtras
0x000000027c67b000 	/System/Library/PrivateFrameworks/IO80211.framework/Versions/A/IO80211
0x00000001b092d000 	/System/Library/PrivateFrameworks/IconServices.framework/Versions/A/IconServices
0x00000001b4d1c000 	/System/Library/Frameworks/IOBluetooth.framework/Versions/A/IOBluetooth
0x00000001cede4000 	/usr/lib/swift/libswiftCoreImage.dylib
0x00000001ab906000 	/System/Library/PrivateFrameworks/DFRFoundation.framework/Versions/A/DFRFoundation
0x00000001a906d000 	/System/Library/Frameworks/OpenDirectory.framework/Versions/A/OpenDirectory
0x00000001adff3000 	/System/Library/Frameworks/SecurityFoundation.framework/Versions/A/SecurityFoundation
0x00000001b354c000 	/System/Library/PrivateFrameworks/CorePhoneNumbers.framework/Versions/A/CorePhoneNumbers
0x00000001b08d9000 	/System/Library/PrivateFrameworks/IconFoundation.framework/Versions/A/IconFoundation
0x00000002757f8000 	/System/Library/PrivateFrameworks/IconRendering.framework/Versions/A/IconRendering
0x00000001a8def000 	/System/Library/PrivateFrameworks/CoreUI.framework/Versions/A/CoreUI
0x00000002a9566000 	/System/Library/PrivateFrameworks/SFSymbols.framework/Versions/A/SFSymbols
0x000000023a10a000 	/System/Library/Frameworks/DeveloperToolsSupport.framework/Versions/A/DeveloperToolsSupport
0x00000001c524f000 	/System/Library/PrivateFrameworks/RenderBox.framework/Versions/A/RenderBox
0x00000001ab91c000 	/System/Library/PrivateFrameworks/CoreSVG.framework/Versions/A/CoreSVG
0x00000001b1777000 	/System/Library/PrivateFrameworks/TextureIO.framework/Versions/A/TextureIO
0x00000001b1814000 	/System/Library/PrivateFrameworks/InternationalSupport.framework/Versions/A/InternationalSupport
0x00000002c25f1000 	/System/Library/PrivateFrameworks/WallpaperServices.framework/Versions/A/WallpaperServices
0x00000001b16c6000 	/System/Library/Frameworks/ApplicationServices.framework/Versions/A/Frameworks/ATSUI.framework/Versions/A/ATSUI
0x00000001b0680000 	/usr/lib/libIOReport.dylib
0x00000001ba92b000 	/System/Library/PrivateFrameworks/FrontBoardServices.framework/Versions/A/FrontBoardServices
0x00000001baab7000 	/System/Library/PrivateFrameworks/GraphicsServices.framework/Versions/A/GraphicsServices
0x00000001bd496000 	/System/Library/Frameworks/AudioUnit.framework/Versions/A/AudioUnit
0x00000002c97aa000 	/usr/lib/libcrypto.46.dylib
0x00000002ca761000 	/usr/lib/libssl.48.dylib
0x00000001bc80d000 	/System/Library/Frameworks/LDAP.framework/Versions/A/LDAP
0x00000001b3398000 	/System/Library/Frameworks/Kerberos.framework/Versions/A/Kerberos
0x00000001bc848000 	/System/Library/PrivateFrameworks/TrustEvaluationAgent.framework/Versions/A/TrustEvaluationAgent
0x00000001b305f000 	/usr/lib/libsasl2.2.dylib
0x00000001b3043000 	/usr/lib/libresolv.9.dylib
0x00000001b0b14000 	/System/Library/PrivateFrameworks/Heimdal.framework/Versions/A/Heimdal
0x00000001b33a9000 	/System/Library/Frameworks/GSS.framework/Versions/A/GSS
0x00000001bd495000 	/System/Library/Frameworks/Kerberos.framework/Versions/A/Libraries/libHeimdalProxy.dylib
0x00000001b33f9000 	/System/Library/PrivateFrameworks/CommonAuth.framework/Versions/A/CommonAuth
0x00000001b3365000 	/System/Library/PrivateFrameworks/NetAuth.framework/Versions/A/NetAuth
0x00000001a92d8000 	/System/Library/PrivateFrameworks/login.framework/Versions/A/Frameworks/loginsupport.framework/Versions/A/loginsupport
0x00000001bce49000 	/System/Library/PrivateFrameworks/InternationalTextSearch.framework/Versions/A/InternationalTextSearch
0x00000002a2b7f000 	/System/Library/PrivateFrameworks/PoirotSQLite.framework/Versions/A/PoirotSQLite
0x000000024f57b000 	/System/Library/PrivateFrameworks/CascadeSets.framework/Versions/A/CascadeSets
0x00000001bcb9d000 	/System/Library/PrivateFrameworks/AppSupport.framework/Versions/A/AppSupport
0x00000001b168e000 	/System/Library/PrivateFrameworks/GPUWrangler.framework/Versions/A/GPUWrangler
0x00000001b166f000 	/System/Library/PrivateFrameworks/IOPresentment.framework/Versions/A/IOPresentment
0x00000001b1696000 	/System/Library/PrivateFrameworks/DSExternalDisplay.framework/Versions/A/DSExternalDisplay
0x00000002c03e5000 	/System/Library/PrivateFrameworks/VideoToolboxParavirtualizationSupport.framework/Versions/A/VideoToolboxParavirtualizationSupport
0x00000001b086a000 	/System/Library/PrivateFrameworks/AppleVA.framework/Versions/A/AppleVA
0x00000001f58c6000 	/System/Library/PrivateFrameworks/HIDDisplay.framework/Versions/A/HIDDisplay
0x00000001d2767000 	/System/Library/PrivateFrameworks/TextInput.framework/Versions/A/TextInput
0x00000001b1b1b000 	/System/Library/PrivateFrameworks/DataDetectorsCore.framework/Versions/A/DataDetectorsCore
0x000000023a0d0000 	/System/Library/Frameworks/DataDetection.framework/Versions/A/DataDetection
0x00000001b568f000 	/System/Library/Frameworks/MediaAccessibility.framework/Versions/A/MediaAccessibility
0x00000001ad7ff000 	/System/Library/PrivateFrameworks/CoreEmoji.framework/Versions/A/CoreEmoji
0x00000001d3a02000 	/usr/lib/libncurses.5.4.dylib
0x0000000239320000 	/System/Library/Frameworks/AVFAudio.framework/Versions/A/AVFAudio
0x000000027c760000 	/System/Library/PrivateFrameworks/IsolatedCoreAudioClient.framework/Versions/A/IsolatedCoreAudioClient
0x0000000253a62000 	/System/Library/PrivateFrameworks/CoreAudioOrchestration.framework/Versions/A/CoreAudioOrchestration
0x00000001c7172000 	/usr/lib/libAccessibility.dylib
0x00000001b3307000 	/usr/lib/libcups.2.dylib
0x00000001c7015000 	/System/Library/PrivateFrameworks/AXCoreUtilities.framework/Versions/A/AXCoreUtilities
0x00000001fc479000 	/usr/lib/libedit.3.dylib
0x00000001d7fb8000 	/System/Library/PrivateFrameworks/AttributeGraph.framework/Versions/A/AttributeGraph
0x00000002c95fb000 	/usr/lib/libAXSafeCategoryBundle.dylib
0x0000000242e89000 	/System/Library/Frameworks/TabularData.framework/Versions/A/TabularData
0x000000024bd1a000 	/System/Library/PrivateFrameworks/ArgumentParserInternal.framework/Versions/A/ArgumentParserInternal
0x00000001bfd2f000 	/System/Library/Frameworks/Cocoa.framework/Versions/A/Cocoa
0x00000001a2827000 	/System/Library/Frameworks/AppKit.framework/Versions/C/AppKit
0x00000001a3e6a000 	/System/Library/PrivateFrameworks/UIFoundation.framework/Versions/A/UIFoundation
0x00000002517ce000 	/System/Library/PrivateFrameworks/CollectionViewCore.framework/Versions/A/CollectionViewCore
0x00000001b1b65000 	/System/Library/PrivateFrameworks/UserActivity.framework/Versions/A/UserActivity
0x00000001ab918000 	/System/Library/PrivateFrameworks/XCTTargetBootstrap.framework/Versions/A/XCTTargetBootstrap
0x00000002bca41000 	/System/Library/PrivateFrameworks/UIIntelligenceSupport.framework/Versions/A/UIIntelligenceSupport
0x000000024eee0000 	/System/Library/PrivateFrameworks/CampoServices.framework/Versions/A/CampoServices
0x0000000263dd3000 	/System/Library/PrivateFrameworks/FrontBoard.framework/Versions/A/FrontBoard
0x0000000241d42000 	/System/Library/Frameworks/SwiftUICore.framework/Versions/A/SwiftUICore
0x00000002c4b44000 	/System/Library/PrivateFrameworks/WritingTools.framework/Versions/A/WritingTools
0x00000002c3739000 	/System/Library/PrivateFrameworks/WindowManagement.framework/Versions/A/WindowManagement
0x00000002c8a0f000 	/System/Library/SubFrameworks/FocusEngine.framework/Versions/A/FocusEngine
0x000000025cd35000 	/System/Library/PrivateFrameworks/DesignLibrary.framework/Versions/A/DesignLibrary
0x0000000248407000 	/System/Library/PrivateFrameworks/AnimationKit.framework/Versions/A/AnimationKit
0x00000002c8dc5000 	/System/Library/SubFrameworks/UIUtilities.framework/Versions/A/UIUtilities
0x00000002bd70e000 	/System/Library/PrivateFrameworks/UpdateCycle.framework/Versions/A/UpdateCycle
0x00000001ab621000 	/System/Library/Frameworks/Carbon.framework/Versions/A/Frameworks/HIToolbox.framework/Versions/A/HIToolbox
0x00000001b509d000 	/System/Library/Frameworks/Carbon.framework/Versions/A/Frameworks/SpeechRecognition.framework/Versions/A/SpeechRecognition
0x00000001a9065000 	/System/Library/PrivateFrameworks/PerformanceAnalysis.framework/Versions/A/PerformanceAnalysis
0x00000001b53cb000 	/System/Library/Frameworks/Accessibility.framework/Versions/A/Accessibility
0x0000000239cc9000 	/System/Library/Frameworks/CoreTransferable.framework/Versions/A/CoreTransferable
0x0000000242e77000 	/System/Library/Frameworks/Symbols.framework/Versions/A/Symbols
0x00000002a6a7a000 	/System/Library/PrivateFrameworks/SceneHosting.framework/Versions/A/SceneHosting
0x00000002cae4c000 	/usr/lib/swift/libswiftSpatial.dylib
0x00000001cb4e2000 	/usr/lib/swift/libswiftCoreGraphics.dylib
0x00000001b56d9000 	/usr/lib/swift/libswiftFoundation.dylib
0x00000002276d7000 	/usr/lib/swift/libswiftSwiftOnoneSupport.dylib
0x00000002caedb000 	/usr/lib/swift/libswiftsys_time.dylib
0x00000001ed533000 	/System/Library/PrivateFrameworks/CoreMaterial.framework/Versions/A/CoreMaterial
0x00000002ca704000 	/usr/lib/libSpatial.dylib
0x00000001b5650000 	/System/Library/PrivateFrameworks/PrototypeTools.framework/Versions/A/PrototypeTools
0x000000019ddb0000 	/usr/lib/libsharedcache.dylib
0x00000001ad95c000 	/usr/lib/objc/libobjcMsgSend1.dylib
0x00000001b595c000 	/usr/lib/objc/libobjcMsgSend2.dylib
0x00000001bd95c000 	/usr/lib/objc/libobjcMsgSend3.dylib
0x00000001c595c000 	/usr/lib/objc/libobjcMsgSend4.dylib
0x00000001cd95c000 	/usr/lib/objc/libobjcMsgSend5.dylib
0x00000001d595c000 	/usr/lib/objc/libobjcMsgSend6.dylib
0x00000001dd95c000 	/usr/lib/objc/libobjcMsgSend7.dylib
0x00000001e595c000 	/usr/lib/objc/libobjcMsgSend8.dylib
0x00000001ed95c000 	/usr/lib/objc/libobjcMsgSend9.dylib
0x00000001f595c000 	/usr/lib/objc/libobjcMsgSend10.dylib
0x00000001fd95c000 	/usr/lib/objc/libobjcMsgSend11.dylib
0x000000022595c000 	/usr/lib/objc/libobjcMsgSend12.dylib
0x000000022d95c000 	/usr/lib/objc/libobjcMsgSend13.dylib
0x000000023595c000 	/usr/lib/objc/libobjcMsgSend14.dylib
0x000000023d95c000 	/usr/lib/objc/libobjcMsgSend15.dylib
0x000000024595c000 	/usr/lib/objc/libobjcMsgSend16.dylib
0x000000024d95c000 	/usr/lib/objc/libobjcMsgSend17.dylib
0x000000025595c000 	/usr/lib/objc/libobjcMsgSend18.dylib
0x000000025d95c000 	/usr/lib/objc/libobjcMsgSend19.dylib
0x000000026595c000 	/usr/lib/objc/libobjcMsgSend20.dylib
0x000000026d95c000 	/usr/lib/objc/libobjcMsgSend21.dylib
0x000000027595c000 	/usr/lib/objc/libobjcMsgSend22.dylib
0x000000027d95c000 	/usr/lib/objc/libobjcMsgSend23.dylib
0x000000028595c000 	/usr/lib/objc/libobjcMsgSend24.dylib
0x000000028d95c000 	/usr/lib/objc/libobjcMsgSend25.dylib
0x00000002a595c000 	/usr/lib/objc/libobjcMsgSend26.dylib
0x00000002ad95c000 	/usr/lib/objc/libobjcMsgSend27.dylib
0x00000002b595c000 	/usr/lib/objc/libobjcMsgSend28.dylib
0x00000002bd95c000 	/usr/lib/objc/libobjcMsgSend29.dylib
0x00000002c595c000 	/usr/lib/objc/libobjcMsgSend30.dylib
0x00000002cd95c000 	/usr/lib/objc/libobjcMsgSend31.dylib
0x00000002d595c000 	/usr/lib/objc/libobjcMsgSend32.dylib
0x00000002dd95c000 	/usr/lib/objc/libobjcMsgSend33.dylib
0x00000002e595c000 	/usr/lib/objc/libobjcMsgSend34.dylib
0x0000000116a84000 	/Library/Java/JavaVirtualMachines/temurin-25.jdk/Contents/Home/lib/server/libjvm.dylib
0x0000000102cbc000 	/Library/Java/JavaVirtualMachines/temurin-25.jdk/Contents/Home/lib/libjimage.dylib
0x0000000102d40000 	/Library/Java/JavaVirtualMachines/temurin-25.jdk/Contents/Home/lib/libjava.dylib
0x0000000102da4000 	/Library/Java/JavaVirtualMachines/temurin-25.jdk/Contents/Home/lib/libnio.dylib
0x0000000107774000 	/Library/Java/JavaVirtualMachines/temurin-25.jdk/Contents/Home/lib/libnet.dylib
0x00000001077b8000 	/Library/Java/JavaVirtualMachines/temurin-25.jdk/Contents/Home/lib/libzip.dylib
0x0000000103054000 	/private/var/folders/8x/4_gn1b3s7j54krx80r11hm7r0000gn/T/kortty-tool-tab-render-smoke10978304821237734605/.openjfx/cache/21.0.12+2/aarch64/libprism_es2.dylib
0x00000001cd288000 	/System/Library/Frameworks/Carbon.framework/Versions/A/Carbon
0x00000001c21a7000 	/System/Library/Frameworks/Carbon.framework/Versions/A/Frameworks/CommonPanels.framework/Versions/A/CommonPanels
0x00000001bcb04000 	/System/Library/Frameworks/Carbon.framework/Versions/A/Frameworks/Help.framework/Versions/A/Help
0x00000001c21ab000 	/System/Library/Frameworks/Carbon.framework/Versions/A/Frameworks/ImageCapture.framework/Versions/A/ImageCapture
0x00000001c2187000 	/System/Library/Frameworks/Carbon.framework/Versions/A/Frameworks/OpenScripting.framework/Versions/A/OpenScripting
0x00000001c21a6000 	/System/Library/Frameworks/Carbon.framework/Versions/A/Frameworks/Ink.framework/Versions/A/Ink
0x00000001c21a3000 	/System/Library/Frameworks/Carbon.framework/Versions/A/Frameworks/SecurityHI.framework/Versions/A/SecurityHI
0x00000002ca08c000 	/usr/lib/libInterpreterSecurity.dylib
0x00000001e4440000 	/System/Library/PrivateFrameworks/XprotectFramework.framework/Versions/A/XprotectFramework
0x00000001c64c2000 	/System/Library/PrivateFrameworks/yara.framework/Versions/A/yara
0x00000002c9b19000 	/usr/lib/libEndpointSecuritySystem.dylib
0x000000022c15f000 	/System/Library/Frameworks/OpenGL.framework/Versions/A/Resources/GLEngine.bundle/GLEngine
0x000000022c000000 	/System/Library/Frameworks/OpenGL.framework/Versions/A/Libraries/libGLProgrammability.dylib
0x0000000115fb0000 	/System/Library/Extensions/AppleMetalOpenGLRenderer.bundle/Contents/MacOS/AppleMetalOpenGLRenderer
0x000000022c2c1000 	/System/Library/Frameworks/OpenGL.framework/Versions/A/Resources/GLRendererFloat.bundle/GLRendererFloat
0x00000002307e4000 	/System/Library/Extensions/AGXMetalG15X_M2.bundle/Contents/MacOS/AGXMetalG15X_M2
0x00000001c58c4000 	/System/Library/PrivateFrameworks/IOGPU.framework/Versions/A/IOGPU
0x0000000115ee8000 	/private/var/folders/8x/4_gn1b3s7j54krx80r11hm7r0000gn/T/kortty-tool-tab-render-smoke10978304821237734605/.openjfx/cache/21.0.12+2/aarch64/libglass.dylib
0x00000002388f2000 	/System/Library/Frameworks/AppIntents.framework/Versions/A/AppIntents
0x000000024152d000 	/System/Library/Frameworks/RelevanceKit.framework/Versions/A/RelevanceKit
0x00000001aeb48000 	/System/Library/Frameworks/CoreSpotlight.framework/Versions/A/CoreSpotlight
0x00000001bbd22000 	/System/Library/Frameworks/Intents.framework/Versions/A/Intents
0x0000000280068000 	/System/Library/PrivateFrameworks/LinkServices.framework/Versions/A/LinkServices
0x0000000238ed3000 	/System/Library/Frameworks/AppIntentsTypeSupport.framework/Versions/A/AppIntentsTypeSupport
0x00000001b9784000 	/System/Library/Frameworks/Contacts.framework/Versions/A/Contacts
0x00000001b9e1c000 	/System/Library/Frameworks/FileProvider.framework/Versions/A/FileProvider
0x000000024c687000 	/System/Library/PrivateFrameworks/AsyncAlgorithmsInternal.framework/Versions/A/AsyncAlgorithmsInternal
0x000000026111a000 	/System/Library/PrivateFrameworks/DoNotDisturb.framework/Versions/A/DoNotDisturb
0x000000026563c000 	/System/Library/PrivateFrameworks/GenerativeModels.framework/Versions/A/GenerativeModels
0x000000027fed7000 	/System/Library/PrivateFrameworks/LinkMetadata.framework/Versions/A/LinkMetadata
0x0000000283d3a000 	/System/Library/PrivateFrameworks/ModelCatalog.framework/Versions/A/ModelCatalog
0x00000001ced91000 	/usr/lib/swift/libswiftIntents.dylib
0x00000002a2bf0000 	/System/Library/PrivateFrameworks/PommesRankingCore.framework/Versions/A/PommesRankingCore
0x00000002b4e0c000 	/System/Library/PrivateFrameworks/SpotlightEmbeddingCore.framework/Versions/A/SpotlightEmbeddingCore
0x00000001b579a000 	/System/Library/PrivateFrameworks/ContactsPersistence.framework/Versions/A/ContactsPersistence
0x00000001b50a1000 	/System/Library/PrivateFrameworks/AppleLDAP.framework/Versions/A/AppleLDAP
0x00000001bce4c000 	/System/Library/Frameworks/ClassKit.framework/Versions/A/ClassKit
0x00000001b8f65000 	/System/Library/Frameworks/Vision.framework/Versions/A/Vision
0x00000001bf4f0000 	/System/Library/PrivateFrameworks/CoreSuggestions.framework/Versions/A/CoreSuggestions
0x00000001b56da000 	/System/Library/PrivateFrameworks/ContactsFoundation.framework/Versions/A/ContactsFoundation
0x00000001a9337000 	/System/Library/Frameworks/CloudKit.framework/Versions/A/CloudKit
0x00000001baa88000 	/System/Library/PrivateFrameworks/vCard.framework/Versions/A/vCard
0x0000000251c18000 	/System/Library/PrivateFrameworks/ContactsMetrics.framework/Versions/A/ContactsMetrics
0x00000001b0bd4000 	/System/Library/PrivateFrameworks/login.framework/Versions/A/login
0x0000000280cef000 	/System/Library/PrivateFrameworks/ManagedOrganizationContacts.framework/Versions/A/ManagedOrganizationContacts
0x00000001a9771000 	/System/Library/PrivateFrameworks/CloudDocs.framework/Versions/A/CloudDocs
0x00000001bcef2000 	/System/Library/PrivateFrameworks/AppleAccount.framework/Versions/A/AppleAccount
0x0000000241770000 	/System/Library/Frameworks/SharedWithYouCore.framework/Versions/A/SharedWithYouCore
0x0000000250b41000 	/System/Library/PrivateFrameworks/CloudTelemetry.framework/Versions/A/CloudTelemetry
0x00000001a92db000 	/System/Library/PrivateFrameworks/ApplePushService.framework/Versions/A/ApplePushService
0x00000001b34cd000 	/System/Library/PrivateFrameworks/CacheDelete.framework/Versions/A/CacheDelete
0x0000000250731000 	/System/Library/PrivateFrameworks/CloudCoreInternal.framework/Versions/A/CloudCoreInternal
0x00000002504a8000 	/System/Library/PrivateFrameworks/CloudAsset.framework/Versions/A/CloudAsset
0x00000001bd552000 	/System/Library/Frameworks/PushKit.framework/Versions/A/PushKit
0x00000001bd559000 	/System/Library/PrivateFrameworks/C2.framework/Versions/A/C2
0x00000001ecbdc000 	/usr/lib/swift/libswiftAVFoundation.dylib
0x00000001b9fa0000 	/System/Library/PrivateFrameworks/GenerationalStorage.framework/Versions/A/GenerationalStorage
0x00000001a3ff4000 	/System/Library/PrivateFrameworks/DesktopServicesPriv.framework/Versions/A/DesktopServicesPriv
0x0000000250b65000 	/System/Library/PrivateFrameworks/CloudTelemetryShared.framework/Versions/A/CloudTelemetryShared
0x00000001bf7a1000 	/System/Library/PrivateFrameworks/RTCReporting.framework/Versions/A/RTCReporting
0x00000002a9533000 	/System/Library/PrivateFrameworks/SetupKit.framework/Versions/A/SetupKit
0x00000001b40ff000 	/System/Library/PrivateFrameworks/IDS.framework/Versions/A/IDS
0x0000000245023000 	/System/Library/PrivateFrameworks/AAAFoundationSwift.framework/Versions/A/AAAFoundationSwift
0x00000001c57bc000 	/System/Library/PrivateFrameworks/AccountsDaemon.framework/Versions/A/AccountsDaemon
0x00000001bd209000 	/System/Library/PrivateFrameworks/AppleIDSSOAuthentication.framework/Versions/A/AppleIDSSOAuthentication
0x00000001bd3e7000 	/System/Library/PrivateFrameworks/CoreUtilsSwift.framework/Versions/A/CoreUtilsSwift
0x00000001d3614000 	/System/Library/PrivateFrameworks/CaptiveNetwork.framework/Versions/A/CaptiveNetwork
0x00000001ce8ae000 	/System/Library/PrivateFrameworks/FTServices.framework/Versions/A/FTServices
0x00000001dcf72000 	/System/Library/PrivateFrameworks/FTAWD.framework/Versions/A/FTAWD
0x00000001c5863000 	/System/Library/PrivateFrameworks/OAuth.framework/Versions/A/OAuth
0x00000002552fe000 	/System/Library/PrivateFrameworks/CoreSceneUnderstanding.framework/Versions/A/CoreSceneUnderstanding
0x00000001d8135000 	/System/Library/Frameworks/Vision.framework/libfaceCore.dylib
0x00000001dc3fd000 	/System/Library/PrivateFrameworks/InertiaCam.framework/Versions/A/InertiaCam
0x00000002484d8000 	/System/Library/PrivateFrameworks/ANSTKit.framework/Versions/A/ANSTKit
0x00000002bccc8000 	/System/Library/PrivateFrameworks/UnifiedAssetFramework.framework/Versions/A/UnifiedAssetFramework
0x00000002a9d8d000 	/System/Library/PrivateFrameworks/SiriAnalytics.framework/Versions/A/SiriAnalytics
0x00000001d41ea000 	/System/Library/PrivateFrameworks/SiriInstrumentation.framework/Versions/A/SiriInstrumentation
0x00000001cf686000 	/System/Library/PrivateFrameworks/Trial.framework/Versions/A/Trial
0x00000001cf616000 	/System/Library/PrivateFrameworks/TrialProto.framework/Versions/A/TrialProto
0x00000001d1ada000 	/System/Library/PrivateFrameworks/FeedbackLogger.framework/Versions/A/FeedbackLogger
0x000000025cca9000 	/System/Library/PrivateFrameworks/Dendrite.framework/Versions/A/Dendrite
0x00000002a6ab6000 	/System/Library/PrivateFrameworks/SchemaTypesCore.framework/Versions/A/SchemaTypesCore
0x00000002496ba000 	/System/Library/PrivateFrameworks/AppleFlatBuffers.framework/Versions/A/AppleFlatBuffers
0x00000001c6a56000 	/System/Library/PrivateFrameworks/ProactiveEventTracker.framework/Versions/A/ProactiveEventTracker
0x00000001bd545000 	/System/Library/PrivateFrameworks/IntentsFoundation.framework/Versions/A/IntentsFoundation
0x00000001d3b39000 	/System/Library/PrivateFrameworks/IntentsCore.framework/Versions/A/IntentsCore
0x000000024cecb000 	/System/Library/PrivateFrameworks/AvailabilityKit.framework/Versions/A/AvailabilityKit
0x0000000248d3e000 	/System/Library/PrivateFrameworks/AppIntentSchemas.framework/Versions/A/AppIntentSchemas
0x000000023b66f000 	/System/Library/Frameworks/GeoToolbox.framework/Versions/A/GeoToolbox
0x000000023d021000 	/System/Library/Frameworks/MediaIntents.framework/Versions/A/MediaIntents
0x000000026a018000 	/System/Library/PrivateFrameworks/GRDBInternal.framework/Versions/A/GRDBInternal
0x0000000280de8000 	/System/Library/PrivateFrameworks/MarketplaceIntents.framework/Versions/A/MarketplaceIntents
0x00000002b57d4000 	/System/Library/PrivateFrameworks/StatusKit.framework/Versions/A/StatusKit
0x0000000265735000 	/System/Library/PrivateFrameworks/GenerativeModelsFoundation.framework/Versions/A/GenerativeModelsFoundation
0x00000002ba755000 	/System/Library/PrivateFrameworks/TokenGeneration.framework/Versions/A/TokenGeneration
0x00000002654de000 	/System/Library/PrivateFrameworks/GenerativeFunctions.framework/Versions/A/GenerativeFunctions
0x00000002650fd000 	/System/Library/PrivateFrameworks/GenerativeAgents.framework/Versions/A/GenerativeAgents
0x000000026552e000 	/System/Library/PrivateFrameworks/GenerativeFunctionsFoundation.framework/Versions/A/GenerativeFunctionsFoundation
0x00000002a86fa000 	/System/Library/PrivateFrameworks/SensitiveContentAnalysisML.framework/Versions/A/SensitiveContentAnalysisML
0x00000002655d0000 	/System/Library/PrivateFrameworks/GenerativeFunctionsInstrumentation.framework/Versions/A/GenerativeFunctionsInstrumentation
0x00000002a490e000 	/System/Library/PrivateFrameworks/PromptKit.framework/Versions/A/PromptKit
0x00000002a4204000 	/System/Library/PrivateFrameworks/ProactiveDaemonSupport.framework/Versions/A/ProactiveDaemonSupport
0x00000002ba8df000 	/System/Library/PrivateFrameworks/TokenGenerationCore.framework/Versions/A/TokenGenerationCore
0x00000002a8a3f000 	/System/Library/PrivateFrameworks/SentencePieceInternal.framework/Versions/A/SentencePieceInternal
0x00000001d89dc000 	/System/Library/PrivateFrameworks/TextRecognition.framework/Versions/A/TextRecognition
0x00000001b492d000 	/System/Library/PrivateFrameworks/Sharing.framework/Versions/A/Sharing
0x000000024ccbb000 	/System/Library/PrivateFrameworks/AutoUnlock.framework/Versions/A/AutoUnlock
0x00000001b431b000 	/System/Library/PrivateFrameworks/IDSFoundation.framework/Versions/A/IDSFoundation
0x00000001a6868000 	/System/Library/Frameworks/Accounts.framework/Versions/A/Accounts
0x00000001bc2b2000 	/System/Library/PrivateFrameworks/Apple80211.framework/Versions/A/Apple80211
0x00000001ae7c6000 	/System/Library/PrivateFrameworks/AuthKit.framework/Versions/A/AuthKit
0x00000001bc2b3000 	/System/Library/PrivateFrameworks/CoreWiFi.framework/Versions/A/CoreWiFi
0x00000001ad87a000 	/System/Library/Frameworks/CoreWLAN.framework/Versions/A/CoreWLAN
0x00000001bab52000 	/System/Library/Frameworks/LocalAuthentication.framework/Versions/A/LocalAuthentication
0x00000002a9644000 	/System/Library/PrivateFrameworks/SharingCore.framework/Versions/A/SharingCore
0x00000001d522e000 	/usr/lib/swift/libswiftCoreLocation.dylib
0x000000028024f000 	/System/Library/PrivateFrameworks/LocalAuthenticationCore.framework/Versions/A/LocalAuthenticationCore
0x0000000280450000 	/System/Library/PrivateFrameworks/LocalAuthenticationCredentialServices.framework/Versions/A/LocalAuthenticationCredentialServices
0x00000001babaf000 	/System/Library/Frameworks/LocalAuthentication.framework/Support/SharedUtils.framework/Versions/A/SharedUtils
0x00000001b9d02000 	/System/Library/PrivateFrameworks/DiskManagement.framework/Versions/A/DiskManagement
0x00000001bcb0c000 	/usr/lib/libcsfde.dylib
0x00000001b07fc000 	/usr/lib/libCoreStorage.dylib
0x00000001b4dc1000 	/System/Library/PrivateFrameworks/ProtectedCloudStorage.framework/Versions/A/ProtectedCloudStorage
0x00000001bcb08000 	/System/Library/PrivateFrameworks/EFILogin.framework/Versions/A/EFILogin
0x000000024500a000 	/System/Library/PrivateFrameworks/AAAFoundation.framework/Versions/A/AAAFoundation
0x00000001c586b000 	/System/Library/PrivateFrameworks/CloudServices.framework/Versions/A/CloudServices
0x00000001b9fc0000 	/System/Library/PrivateFrameworks/OctagonTrust.framework/Versions/A/OctagonTrust
0x00000001b9c1c000 	/System/Library/PrivateFrameworks/AppleIDAuthSupport.framework/Versions/A/AppleIDAuthSupport
0x00000001b3513000 	/System/Library/PrivateFrameworks/KeychainCircle.framework/Versions/A/KeychainCircle
0x00000001b3072000 	/System/Library/PrivateFrameworks/MultiverseSupport.framework/Versions/A/MultiverseSupport
0x00000001c700d000 	/System/Library/PrivateFrameworks/URLFormatting.framework/Versions/A/URLFormatting
0x00000001baac7000 	/System/Library/Frameworks/CryptoTokenKit.framework/Versions/A/CryptoTokenKit
0x00000001ceb1f000 	/System/Library/PrivateFrameworks/BiometricKit.framework/Versions/A/BiometricKit
0x00000001b2ced000 	/System/Library/PrivateFrameworks/IMFoundation.framework/Versions/A/IMFoundation
0x00000001c64c1000 	/System/Library/PrivateFrameworks/Marco.framework/Versions/A/Marco
0x00000001a68da000 	/System/Library/PrivateFrameworks/CommonUtilities.framework/Versions/A/CommonUtilities
0x00000001c2174000 	/System/Library/PrivateFrameworks/Engram.framework/Versions/A/Engram
0x00000002c5092000 	/System/Library/PrivateFrameworks/XPCDistributed.framework/Versions/A/XPCDistributed
0x00000001c2121000 	/usr/lib/libtidy.A.dylib
0x00000001b0e4b000 	/System/Library/PrivateFrameworks/Bom.framework/Versions/A/Bom
0x00000001b307d000 	/usr/lib/libParallelCompression.dylib
0x000000021e6e3000 	/System/Library/PrivateFrameworks/WiFiPeerToPeer.framework/Versions/A/WiFiPeerToPeer
0x000000024f996000 	/System/Library/PrivateFrameworks/Centauri.framework/Versions/A/Centauri
0x00000002ca0f3000 	/usr/lib/libmrc.dylib
0x000000027c6e6000 	/System/Library/PrivateFrameworks/IPConfiguration.framework/Versions/A/IPConfiguration
0x00000001ed503000 	/System/Library/PrivateFrameworks/Netrb.framework/Versions/A/Netrb
0x00000001aeb09000 	/System/Library/Frameworks/UserNotifications.framework/Versions/A/UserNotifications
0x00000001aabf9000 	/System/Library/Frameworks/CoreLocation.framework/Versions/A/CoreLocation
0x000000022d6ec000 	/System/Library/Frameworks/_LocationEssentials.framework/Versions/A/_LocationEssentials
0x00000001b5d60000 	/System/Library/PrivateFrameworks/GeoServices.framework/Versions/A/GeoServices
0x00000001b2d4c000 	/System/Library/PrivateFrameworks/LocationSupport.framework/Versions/A/LocationSupport
0x0000000267959000 	/System/Library/PrivateFrameworks/GeoServicesCore.framework/Versions/A/GeoServicesCore
0x00000001c700c000 	/System/Library/PrivateFrameworks/PhoneNumbers.framework/Versions/A/PhoneNumbers
0x0000000280628000 	/System/Library/PrivateFrameworks/LocationLogEncryption.framework/Versions/A/LocationLogEncryption
0x00000001b06b5000 	/System/Library/PrivateFrameworks/CVNLP.framework/Versions/A/CVNLP
0x00000001a0c11000 	/System/Library/PrivateFrameworks/LanguageModeling.framework/Versions/A/LanguageModeling
0x00000001d8c69000 	/System/Library/PrivateFrameworks/Futhark.framework/Versions/A/Futhark
0x00000002c03e7000 	/System/Library/PrivateFrameworks/VisionCore.framework/Versions/A/VisionCore
0x00000001a981c000 	/System/Library/Frameworks/CoreML.framework/Versions/A/CoreML
0x00000001ce9a2000 	/System/Library/Frameworks/NaturalLanguage.framework/Versions/A/NaturalLanguage
0x00000001bdd60000 	/System/Library/PrivateFrameworks/Espresso.framework/Versions/A/Espresso
0x00000001bf9fe000 	/System/Library/PrivateFrameworks/AppleNeuralEngine.framework/Versions/A/AppleNeuralEngine
0x00000002cad14000 	/usr/lib/swift/libswiftMLCompute.dylib
0x000000021e677000 	/usr/lib/swift/libswiftNaturalLanguage.dylib
0x0000000250ec5000 	/System/Library/PrivateFrameworks/CMPhoto.framework/Versions/A/CMPhoto
0x00000001b1bc1000 	/System/Library/Frameworks/MediaToolbox.framework/Versions/A/MediaToolbox
0x00000001a5f59000 	/System/Library/PrivateFrameworks/Montreal.framework/Versions/A/Montreal
0x000000024d781000 	/System/Library/PrivateFrameworks/ByteMatrixVerification.framework/Versions/A/ByteMatrixVerification
0x00000001fc430000 	/usr/lib/libFDRDecode.dylib
0x0000000249cb1000 	/System/Library/PrivateFrameworks/AppleJPEGXL.framework/Versions/A/AppleJPEGXL
0x00000001f9407000 	/System/Library/Frameworks/CryptoKit.framework/Versions/A/CryptoKit
0x000000025c73b000 	/System/Library/PrivateFrameworks/CryptoKitPrivate.framework/Versions/A/CryptoKitPrivate
0x00000001bd492000 	/System/Library/PrivateFrameworks/CryptoKitCBridging.framework/Versions/A/CryptoKitCBridging
0x00000001b9dee000 	/System/Library/PrivateFrameworks/CoreAVCHD.framework/Versions/A/CoreAVCHD
0x00000001b9dea000 	/System/Library/PrivateFrameworks/Mangrove.framework/Versions/A/Mangrove
0x00000001ba50b000 	/System/Library/Frameworks/CoreTelephony.framework/Versions/A/CoreTelephony
0x00000001b9dd5000 	/System/Library/PrivateFrameworks/CoreAUC.framework/Versions/A/CoreAUC
0x00000001b355b000 	/usr/lib/libTelephonyUtilDynamic.dylib
0x00000002281ac000 	/System/Library/PrivateFrameworks/ANECompiler.framework/Versions/A/ANECompiler
0x000000023dd60000 	/System/Library/Frameworks/MetalPerformanceShadersGraph.framework/Versions/A/MetalPerformanceShadersGraph
0x00000002833a6000 	/System/Library/PrivateFrameworks/MLCompilerServices.framework/Versions/A/MLCompilerServices
0x00000001bd5d3000 	/System/Library/PrivateFrameworks/ANEServices.framework/Versions/A/ANEServices
0x00000001a27be000 	/usr/lib/libsandbox.1.dylib
0x00000001b07f4000 	/usr/lib/libMatch.1.dylib
0x00000002c8476000 	/System/Library/SubFrameworks/CoreAIRuntime.framework/Versions/A/CoreAIRuntime
0x00000002c76df000 	/System/Library/SubFrameworks/CoreAICompiler.framework/Versions/A/CoreAICompiler
0x00000002c76bf000 	/System/Library/SubFrameworks/CoreAICommon.framework/Versions/A/CoreAICommon
0x000000028d331000 	/System/Library/PrivateFrameworks/ODIE.framework/Versions/A/ODIE
0x000000028334b000 	/System/Library/PrivateFrameworks/MLCompilerRuntime.framework/Versions/A/MLCompilerRuntime
0x00000001ae39e000 	/System/Library/Frameworks/MLCompute.framework/Versions/A/MLCompute
0x00000002832d0000 	/System/Library/PrivateFrameworks/MLAssetIO.framework/Versions/A/MLAssetIO
0x00000001aee3c000 	/usr/lib/libcmph.dylib
0x00000001cd68f000 	/System/Library/Frameworks/AVFoundation.framework/Versions/A/AVFoundation
0x00000001ba709000 	/System/Library/PrivateFrameworks/AVFCore.framework/Versions/A/AVFCore
0x00000001c48e0000 	/System/Library/PrivateFrameworks/AVFCapture.framework/Versions/A/AVFCapture
0x0000000239450000 	/System/Library/Frameworks/AVRouting.framework/Versions/A/AVRouting
0x00000001c4c2e000 	/System/Library/PrivateFrameworks/CMCapture.framework/Versions/A/CMCapture
0x0000000250ca2000 	/System/Library/PrivateFrameworks/CMImaging.framework/Versions/A/CMImaging
0x00000001c4b01000 	/System/Library/PrivateFrameworks/Quagga.framework/Versions/A/Quagga
0x00000001b313a000 	/System/Library/Frameworks/CoreMediaIO.framework/Versions/A/CoreMediaIO
0x0000000250ba6000 	/System/Library/PrivateFrameworks/CMCaptureDevice.framework/Versions/A/CMCaptureDevice
0x000000025003b000 	/System/Library/PrivateFrameworks/CinematicFraming.framework/Versions/A/CinematicFraming
0x0000000284328000 	/System/Library/PrivateFrameworks/ModelManagerServices.framework/Versions/A/ModelManagerServices
0x00000001cd289000 	/System/Library/Frameworks/CoreMotion.framework/Versions/A/CoreMotion
0x000000025d90e000 	/System/Library/PrivateFrameworks/DistributedSensing.framework/Versions/A/DistributedSensing
0x00000001d915d000 	/System/Library/PrivateFrameworks/MobileBluetooth.framework/Versions/A/MobileBluetooth
0x00000001baef7000 	/System/Library/PrivateFrameworks/Rapport.framework/Versions/A/Rapport
0x0000000249adc000 	/System/Library/PrivateFrameworks/AppleIntelligenceReporting.framework/Versions/A/AppleIntelligenceReporting
0x000000022d580000 	/System/Library/Frameworks/_AppIntents_AppKit.framework/Versions/A/_AppIntents_AppKit
0x00000001d8d2e000 	/System/Library/CoreServices/RawCamera.bundle/Contents/MacOS/RawCamera
0x00000002c8e82000 	/usr/lib/libAccessibilityBaseImplementations.dylib
0x000000011690c000 	/private/var/folders/8x/4_gn1b3s7j54krx80r11hm7r0000gn/T/kortty-tool-tab-render-smoke10978304821237734605/.openjfx/cache/21.0.12+2/aarch64/libjavafx_font.dylib
0x0000000115f90000 	/usr/lib/libobjc-trampolines.dylib
0x00000001d5213000 	/System/Library/Frameworks/Accelerate.framework/Versions/A/Frameworks/vImage.framework/Versions/A/Libraries/libCGInterfaces.dylib
0x00000001e30a7000 	/System/Library/PrivateFrameworks/UIKitServices.framework/Versions/A/UIKitServices
0x0000000173848000 	/private/var/folders/8x/4_gn1b3s7j54krx80r11hm7r0000gn/T/kortty-tool-tab-render-smoke10978304821237734605/.openjfx/cache/21.0.12+2/aarch64/libjfxwebkit.dylib
0x00000002c4b4e000 	/System/Library/PrivateFrameworks/WritingToolsUI.framework/Versions/A/WritingToolsUI
0x0000000276d05000 	/System/Library/PrivateFrameworks/InputTestFoundation.framework/Versions/A/InputTestFoundation
0x000000026534d000 	/System/Library/PrivateFrameworks/GenerativeAssistantSettings.framework/Versions/A/GenerativeAssistantSettings
0x00000002b7eeb000 	/System/Library/PrivateFrameworks/TextComposer.framework/Versions/A/TextComposer
0x00000001a8f65000 	/System/Library/PrivateFrameworks/ViewBridge.framework/Versions/A/ViewBridge
0x00000001d6763000 	/System/Library/Frameworks/SwiftUI.framework/Versions/A/SwiftUI
0x0000000265322000 	/System/Library/PrivateFrameworks/GenerativeAssistantCommon.framework/Versions/A/GenerativeAssistantCommon
0x0000000248716000 	/System/Library/PrivateFrameworks/Anvil.framework/Versions/A/Anvil
0x00000002657ae000 	/System/Library/PrivateFrameworks/GenerativePartnerService.framework/Versions/A/GenerativePartnerService
0x00000002675fe000 	/System/Library/PrivateFrameworks/GenerativePartnerServiceUI.framework/Versions/A/GenerativePartnerServiceUI
0x00000001c0bc2000 	/System/Library/PrivateFrameworks/AssistantServices.framework/Versions/A/AssistantServices
0x00000001bacd6000 	/System/Library/PrivateFrameworks/SAObjects.framework/Versions/A/SAObjects
0x00000001c0829000 	/System/Library/PrivateFrameworks/MediaRemote.framework/Versions/A/MediaRemote
0x00000002b2925000 	/System/Library/PrivateFrameworks/SiriTTSService.framework/Versions/A/SiriTTSService
0x0000000261f04000 	/System/Library/PrivateFrameworks/FaceTimeNameUtility.framework/Versions/A/FaceTimeNameUtility
0x00000002abffd000 	/System/Library/PrivateFrameworks/SiriCrossDeviceArbitrationFeedback.framework/Versions/A/SiriCrossDeviceArbitrationFeedback
0x00000002abfba000 	/System/Library/PrivateFrameworks/SiriCrossDeviceArbitration.framework/Versions/A/SiriCrossDeviceArbitration
0x00000001eb291000 	/usr/lib/swift/libswiftCoreMedia.dylib
0x00000001c634c000 	/System/Library/PrivateFrameworks/MediaServices.framework/Versions/A/MediaServices
0x00000001b0a8f000 	/System/Library/PrivateFrameworks/PersistentConnection.framework/Versions/A/PersistentConnection
0x00000002b44d8000 	/System/Library/PrivateFrameworks/SonicFoundation.framework/Versions/A/SonicFoundation
0x00000001d672f000 	/usr/lib/libtailspin.dylib
0x00000002b4b4a000 	/System/Library/PrivateFrameworks/SpeechEngine.framework/Versions/A/SpeechEngine
0x00000001ea929000 	/System/Library/PrivateFrameworks/Osprey.framework/Versions/A/Osprey
0x00000002b1f89000 	/System/Library/PrivateFrameworks/SiriTTS.framework/Versions/A/SiriTTS
0x00000001d7ffc000 	/System/Library/PrivateFrameworks/EmojiFoundation.framework/Versions/A/EmojiFoundation
0x00000002b0a31000 	/System/Library/PrivateFrameworks/SiriPowerInstrumentation.framework/Versions/A/SiriPowerInstrumentation
0x00000002b7923000 	/System/Library/PrivateFrameworks/TailspinSymbolication.framework/Versions/A/TailspinSymbolication
0x000000025c955000 	/System/Library/PrivateFrameworks/Darwinup.framework/Versions/A/Darwinup
0x00000001e2e8c000 	/System/Library/PrivateFrameworks/SignpostSupport.framework/Versions/A/SignpostSupport
0x00000001ce899000 	/System/Library/PrivateFrameworks/FeatureFlagsSupport.framework/Versions/A/FeatureFlagsSupport
0x00000001e2732000 	/System/Library/PrivateFrameworks/ktrace.framework/Versions/A/ktrace
0x00000001e30d2000 	/System/Library/PrivateFrameworks/SampleAnalysis.framework/Versions/A/SampleAnalysis
0x00000001ec45a000 	/System/Library/PrivateFrameworks/kperfdata.framework/Versions/A/kperfdata
0x00000001b4f79000 	/usr/lib/libdscsym.dylib
0x00000001ec95a000 	/System/Library/PrivateFrameworks/BulkSymbolication.framework/Versions/A/BulkSymbolication
0x00000001bb007000 	/System/Library/PrivateFrameworks/EmbeddedAcousticRecognition.framework/Versions/A/EmbeddedAcousticRecognition
0x00000002be369000 	/System/Library/PrivateFrameworks/VectorSearch.framework/Versions/A/VectorSearch
0x00000001e139b000 	/System/Library/PrivateFrameworks/SDAPI.framework/Versions/A/SDAPI
0x000000027c756000 	/System/Library/PrivateFrameworks/IsolatedContextLogging.framework/Versions/A/IsolatedContextLogging
0x00000001d8c7f000 	/System/Library/PrivateFrameworks/DifferentialPrivacy.framework/Versions/A/DifferentialPrivacy
0x00000002be25a000 	/System/Library/PrivateFrameworks/VDAF.framework/Versions/A/VDAF
0x00000001e107f000 	/System/Library/PrivateFrameworks/NetworkServiceProxy.framework/Versions/A/NetworkServiceProxy
0x00000001b3e65000 	/System/Library/Frameworks/NetworkExtension.framework/Versions/A/NetworkExtension
0x00000001b5388000 	/usr/lib/libnetworkextension.dylib
0x00000001bca2c000 	/System/Library/PrivateFrameworks/EAP8021X.framework/Versions/A/EAP8021X
0x00000001bfd79000 	/System/Library/PrivateFrameworks/AppleMediaServices.framework/Versions/A/AppleMediaServices
0x00000002baf62000 	/System/Library/PrivateFrameworks/ToolKit.framework/Versions/A/ToolKit
0x0000000245005000 	/System/Library/PrivateFrameworks/_ToolKit_AppIntents.framework/Versions/A/_ToolKit_AppIntents
0x0000000249f35000 	/System/Library/PrivateFrameworks/AppleMediaServicesKitInternal.framework/Versions/A/AppleMediaServicesKitInternal
0x00000002a8ea9000 	/System/Library/PrivateFrameworks/ServicesAnalyticsKit.framework/Versions/A/ServicesAnalyticsKit
0x00000001e5670000 	/System/Library/PrivateFrameworks/DeviceIdentity.framework/Versions/A/DeviceIdentity
0x000000027c84c000 	/System/Library/PrivateFrameworks/JetAsset.framework/Versions/A/JetAsset
0x000000027cb9a000 	/System/Library/PrivateFrameworks/JetFoundation.framework/Versions/A/JetFoundation
0x000000027cba8000 	/System/Library/PrivateFrameworks/JetPack.framework/Versions/A/JetPack
0x00000002a8caf000 	/System/Library/PrivateFrameworks/ServicesAnalyticsCore.framework/Versions/A/ServicesAnalyticsCore
0x0000000227949000 	/System/Library/PrivateFrameworks/VoiceShortcutClient.framework/Versions/A/VoiceShortcutClient
0x00000001d644d000 	/System/Library/PrivateFrameworks/ChronoServices.framework/Versions/A/ChronoServices
0x00000001a42db000 	/System/Library/PrivateFrameworks/CoreDuet.framework/Versions/A/CoreDuet
0x00000001bbcdf000 	/System/Library/PrivateFrameworks/CoreDuetContext.framework/Versions/A/CoreDuetContext
0x00000001bd76e000 	/System/Library/PrivateFrameworks/CoreDuetDaemonProtocol.framework/Versions/A/CoreDuetDaemonProtocol
0x00000002a6084000 	/System/Library/PrivateFrameworks/ReplicatorEngine.framework/Versions/A/ReplicatorEngine
0x00000001dd53b000 	/System/Library/PrivateFrameworks/Categories.framework/Versions/A/Categories
0x00000002a6254000 	/System/Library/PrivateFrameworks/ReplicatorServices.framework/Versions/A/ReplicatorServices
0x00000002a58c1000 	/System/Library/PrivateFrameworks/ReplicatorDependencies.framework/Versions/A/ReplicatorDependencies
0x00000002b7911000 	/System/Library/PrivateFrameworks/SystemWake.framework/Versions/A/SystemWake
0x0000000280582000 	/System/Library/PrivateFrameworks/LocalStatusKit.framework/Versions/A/LocalStatusKit
0x00000001d0283000 	/System/Library/PrivateFrameworks/ContextKit.framework/Versions/A/ContextKit
0x0000000251d47000 	/System/Library/PrivateFrameworks/ContextKitCore.framework/Versions/A/ContextKitCore
0x00000001cea09000 	/System/Library/Frameworks/SafariServices.framework/Versions/A/SafariServices
0x00000001cb5cb000 	/System/Library/Frameworks/WebKit.framework/Versions/A/WebKit
0x000000022d5dd000 	/System/Library/Frameworks/_AuthenticationServices_SwiftUI.framework/Versions/A/_AuthenticationServices_SwiftUI
0x00000001d58ad000 	/System/Library/PrivateFrameworks/AppStoreDaemon.framework/Versions/A/AppStoreDaemon
0x00000001d1b01000 	/System/Library/PrivateFrameworks/AppleMediaServicesUI.framework/Versions/A/AppleMediaServicesUI
0x0000000226bfb000 	/System/Library/PrivateFrameworks/JetEngine.framework/Versions/A/JetEngine
0x00000001cf54c000 	/System/Library/PrivateFrameworks/OnBoardingKit.framework/Versions/A/OnBoardingKit
0x00000002a92ec000 	/System/Library/PrivateFrameworks/Settings.framework/Versions/A/Settings
0x0000000244820000 	/System/Library/PrivateFrameworks/_IconServices_SwiftUI.framework/Versions/A/_IconServices_SwiftUI
0x00000002cad12000 	/usr/lib/swift/libswiftMetalKit.dylib
0x00000002cad1b000 	/usr/lib/swift/libswiftModelIO.dylib
0x000000023a50f000 	/System/Library/Frameworks/ExtensionKit.framework/Versions/A/ExtensionKit
0x000000023b507000 	/System/Library/Frameworks/FSKit.framework/Versions/A/FSKit
0x00000002b7dda000 	/System/Library/PrivateFrameworks/TextAnimationSupport.framework/Versions/A/TextAnimationSupport
0x00000002a51b5000 	/System/Library/PrivateFrameworks/RecapPerformanceTesting.framework/Versions/A/RecapPerformanceTesting
0x00000001cf540000 	/System/Library/PrivateFrameworks/SignpostCollection.framework/Versions/A/SignpostCollection
0x00000001bf7ce000 	/System/Library/Frameworks/WebKit.framework/Versions/A/Frameworks/WebKitLegacy.framework/Versions/A/WebKitLegacy
0x00000001bd257000 	/System/Library/PrivateFrameworks/CorePrediction.framework/Versions/A/CorePrediction
0x00000001aa033000 	/System/Library/Frameworks/WebKit.framework/Versions/A/Frameworks/WebCore.framework/Versions/A/Frameworks/libwebrtc.dylib
0x00000001b30e5000 	/System/Library/Frameworks/SecurityInterface.framework/Versions/A/SecurityInterface
0x00000001cf54b000 	/System/Library/PrivateFrameworks/WebInspectorUI.framework/Versions/A/WebInspectorUI
0x00000001c21ad000 	/System/Library/Frameworks/JavaScriptCore.framework/Versions/A/JavaScriptCore
0x00000001c71ac000 	/System/Library/Frameworks/WebKit.framework/Versions/A/Frameworks/WebCore.framework/Versions/A/WebCore
0x00000002a518b000 	/System/Library/PrivateFrameworks/Recap.framework/Versions/A/Recap
0x000000023956a000 	/System/Library/Frameworks/BrowserEngineCore.framework/Versions/A/BrowserEngineCore
0x0000000243e0c000 	/System/Library/Frameworks/WebKit.framework/Versions/A/Frameworks/WebCore.framework/Versions/A/Frameworks/libANGLE-shared.dylib
0x00000002c30eb000 	/System/Library/PrivateFrameworks/WebGPU.framework/Versions/A/WebGPU
0x00000001ce894000 	/System/Library/PrivateFrameworks/CoreOptimization.framework/Versions/A/CoreOptimization
0x000000024cb99000 	/System/Library/PrivateFrameworks/AuthenticationServicesCore.framework/Versions/A/AuthenticationServicesCore
0x00000001d919b000 	/System/Library/Frameworks/AuthenticationServices.framework/Versions/A/AuthenticationServices
0x00000001b07a3000 	/System/Library/PrivateFrameworks/SharedWebCredentials.framework/Versions/A/SharedWebCredentials
0x00000001d0297000 	/System/Library/PrivateFrameworks/SafariCore.framework/Versions/A/SafariCore
0x00000001d8cdd000 	/System/Library/PrivateFrameworks/SafariFoundation.framework/Versions/A/SafariFoundation
0x000000024f655000 	/System/Library/PrivateFrameworks/CBORLibrary.framework/Versions/A/CBORLibrary
0x000000024fb40000 	/System/Library/PrivateFrameworks/Chirp.framework/Versions/A/Chirp
0x00000002509e9000 	/System/Library/PrivateFrameworks/CloudSubscriptionFeatures.framework/Versions/A/CloudSubscriptionFeatures
0x0000000227f0f000 	/System/Library/PrivateFrameworks/RemoteManagement.framework/Versions/A/RemoteManagement
0x00000002a575e000 	/System/Library/PrivateFrameworks/RemoteManagementModel.framework/Versions/A/RemoteManagementModel
0x00000002a57d4000 	/System/Library/PrivateFrameworks/RemoteManagementStore.framework/Versions/A/RemoteManagementStore
0x00000001b4eba000 	/usr/lib/libxcselect.dylib
0x0000000280cf4000 	/System/Library/PrivateFrameworks/ManagedSettingsObjC.framework/Versions/A/ManagedSettingsObjC
0x000000028062c000 	/System/Library/PrivateFrameworks/LockdownMode.framework/Versions/A/LockdownMode
0x000000023b277000 	/System/Library/Frameworks/FoundationModels.framework/Versions/A/FoundationModels
0x00000002b58e9000 	/System/Library/PrivateFrameworks/StorageContainersPrivate.framework/Versions/A/StorageContainersPrivate
0x00000001b310a000 	/System/Library/PrivateFrameworks/CoreFollowUp.framework/Versions/A/CoreFollowUp
0x00000001bd797000 	/System/Library/PrivateFrameworks/ConfigurationProfiles.framework/Versions/A/ConfigurationProfiles
0x0000000260edf000 	/System/Library/PrivateFrameworks/DMCUtilities.framework/Versions/A/DMCUtilities
0x000000028106a000 	/System/Library/PrivateFrameworks/MDMClientLibrary.framework/Versions/A/MDMClientLibrary
0x00000002a57cb000 	/System/Library/PrivateFrameworks/RemoteManagementProtocol.framework/Versions/A/RemoteManagementProtocol
0x00000001b56a8000 	/System/Library/PrivateFrameworks/SystemAdministration.framework/Versions/A/SystemAdministration
0x00000001c4813000 	/System/Library/PrivateFrameworks/PowerlogControl.framework/Versions/A/PowerlogControl
0x00000001ae073000 	/System/Library/Frameworks/ServiceManagement.framework/Versions/A/ServiceManagement
0x00000001c4815000 	/usr/lib/libUniversalAccess.dylib
0x00000001c0802000 	/System/Library/PrivateFrameworks/FamilyControls.framework/Versions/A/FamilyControls
0x00000001b506d000 	/System/Library/Frameworks/DirectoryService.framework/Versions/A/DirectoryService
0x00000001bcb97000 	/System/Library/PrivateFrameworks/LoginUIKit.framework/Versions/A/Frameworks/LoginUICore.framework/Versions/A/LoginUICore
0x00000001b0e49000 	/usr/lib/libodfde.dylib
0x00000001c07fd000 	/System/Library/PrivateFrameworks/UniversalAccess.framework/Versions/A/Libraries/libUAPreferences.dylib
0x00000001c081f000 	/System/Library/PrivateFrameworks/CommerceKit.framework/Versions/A/Frameworks/CommerceCore.framework/Versions/A/CommerceCore
0x000000025cd2d000 	/System/Library/PrivateFrameworks/DEPClientLibrary.framework/Versions/A/DEPClientLibrary
0x0000000260e82000 	/System/Library/PrivateFrameworks/DMCEnrollmentLibrary.framework/Versions/A/DMCEnrollmentLibrary
0x00000001c48cf000 	/System/Library/PrivateFrameworks/SetupAssistantFramework.framework/Versions/A/SetupAssistantFramework
0x00000001bd2ab000 	/System/Library/PrivateFrameworks/AuthKitUI.framework/Versions/A/AuthKitUI
0x00000001bcbd8000 	/System/Library/PrivateFrameworks/AppSSO.framework/Versions/A/AppSSO
0x00000001d56a5000 	/System/Library/PrivateFrameworks/LocalAuthenticationUI.framework/Versions/A/LocalAuthenticationUI
0x00000002a24b0000 	/System/Library/PrivateFrameworks/PlatformSSO.framework/Versions/A/PlatformSSO
0x00000002a25fe000 	/System/Library/PrivateFrameworks/PlatformSSOCore.framework/Versions/A/PlatformSSOCore
0x000000023c2a5000 	/System/Library/Frameworks/LocalAuthenticationEmbeddedUI.framework/Versions/A/LocalAuthenticationEmbeddedUI
0x00000001d659b000 	/System/Library/PrivateFrameworks/AOSUI.framework/Versions/A/AOSUI
0x00000001c6889000 	/System/Library/Frameworks/ContactsUI.framework/Versions/A/ContactsUI
0x00000001b99d4000 	/System/Library/PrivateFrameworks/FamilyCircle.framework/Versions/A/FamilyCircle
0x00000001e47df000 	/System/Library/Frameworks/LinkPresentation.framework/Versions/A/LinkPresentation
0x00000001c63bc000 	/System/Library/PrivateFrameworks/IASUtilities.framework/Versions/A/IASUtilities
0x000000026d8ed000 	/System/Library/PrivateFrameworks/IASUtilitiesCore.framework/Versions/A/IASUtilitiesCore
0x00000002a5d60000 	/System/Library/PrivateFrameworks/RemoteUI.framework/Versions/A/RemoteUI
0x0000000243237000 	/System/Library/Frameworks/TipKit.framework/Versions/A/TipKit
0x00000002450ab000 	/System/Library/PrivateFrameworks/AAAFoundationUI.framework/Versions/A/AAAFoundationUI
0x000000027d234000 	/System/Library/PrivateFrameworks/LiftUI.framework/Versions/A/LiftUI
0x000000025091f000 	/System/Library/PrivateFrameworks/CloudSettings.framework/Versions/A/CloudSettings
0x00000001bf59e000 	/System/Library/Frameworks/EventKit.framework/Versions/A/EventKit
0x00000001cf711000 	/System/Library/PrivateFrameworks/SearchFoundation.framework/Versions/A/SearchFoundation
0x00000001e698b000 	/System/Library/PrivateFrameworks/Email.framework/Versions/A/Email
0x000000024d196000 	/System/Library/PrivateFrameworks/BackgroundSystemTasks.framework/Versions/A/BackgroundSystemTasks
0x00000001ce3cd000 	/System/Library/PrivateFrameworks/CoreRoutine.framework/Versions/A/CoreRoutine
0x000000024e96e000 	/System/Library/PrivateFrameworks/CalendarDatabase.framework/Versions/A/CalendarDatabase
0x000000024d878000 	/System/Library/PrivateFrameworks/CalendarDaemon.framework/Versions/A/CalendarDaemon
0x00000001bd6ec000 	/System/Library/PrivateFrameworks/CalendarFoundation.framework/Versions/A/CalendarFoundation
0x00000001bd6b6000 	/System/Library/PrivateFrameworks/iCalendar.framework/Versions/A/iCalendar
0x000000025ca4b000 	/System/Library/PrivateFrameworks/DataAccessExpress.framework/Versions/A/DataAccessExpress
0x00000001c699e000 	/System/Library/PrivateFrameworks/ContactsAutocomplete.framework/Versions/A/ContactsAutocomplete
0x00000002508cd000 	/System/Library/PrivateFrameworks/CloudKitSharingManagement.framework/Versions/A/CloudKitSharingManagement
0x00000001d6363000 	/System/Library/PrivateFrameworks/FTClientServices.framework/Versions/A/FTClientServices
0x00000002cacf4000 	/usr/lib/swift/libswiftCoreMediaIO.dylib
0x00000001bd4d5000 	/System/Library/PrivateFrameworks/DuetActivityScheduler.framework/Versions/A/DuetActivityScheduler
0x00000001c6292000 	/System/Library/PrivateFrameworks/CoreDAV.framework/Versions/A/CoreDAV
0x00000001bf4aa000 	/System/Library/PrivateFrameworks/CalDAV.framework/Versions/A/CalDAV
0x00000001cb29d000 	/System/Library/PrivateFrameworks/TelephonyUtilities.framework/Versions/A/TelephonyUtilities
0x000000023c265000 	/System/Library/Frameworks/LiveCommunicationKit.framework/Versions/A/LiveCommunicationKit
0x0000000251803000 	/System/Library/PrivateFrameworks/CommunicationTrust.framework/Versions/A/CommunicationTrust
0x000000025d0a6000 	/System/Library/PrivateFrameworks/DeviceConfiguration.framework/Versions/A/DeviceConfiguration
0x00000001d00bb000 	/System/Library/Frameworks/CallKit.framework/Versions/A/CallKit
0x00000001b99ce000 	/System/Library/PrivateFrameworks/CommunicationsFilter.framework/Versions/A/CommunicationsFilter
0x00000001fc593000 	/System/Library/PrivateFrameworks/IMTransferServices.framework/Versions/A/IMTransferServices
0x00000001ce8a8000 	/System/Library/PrivateFrameworks/IncomingCallFilter.framework/Versions/A/IncomingCallFilter
0x000000028b7f6000 	/System/Library/PrivateFrameworks/NeighborhoodActivityConduit.framework/Versions/A/NeighborhoodActivityConduit
0x00000001d2517000 	/System/Library/PrivateFrameworks/CallHistory.framework/Versions/A/CallHistory
0x00000002c95ff000 	/usr/lib/libBASupport.dylib
0x000000024ee10000 	/System/Library/PrivateFrameworks/CallsUtilities.framework/Versions/A/CallsUtilities
0x000000024ee1b000 	/System/Library/PrivateFrameworks/CallsXPC.framework/Versions/A/CallsXPC
0x0000000228057000 	/usr/lib/swift/libswiftCallKit.dylib
0x000000024edf3000 	/System/Library/PrivateFrameworks/CallsPersistence.framework/Versions/A/CallsPersistence
0x00000002415c6000 	/System/Library/Frameworks/SensitiveContentAnalysis.framework/Versions/A/SensitiveContentAnalysis
0x00000001d345c000 	/System/Library/PrivateFrameworks/PeopleSuggester.framework/Versions/A/PeopleSuggester
0x00000001dc9c2000 	/System/Library/PrivateFrameworks/SpotlightReceiver.framework/Versions/A/SpotlightReceiver
0x00000002447b2000 	/System/Library/PrivateFrameworks/_AppIntentsServices_AppIntents.framework/Versions/A/_AppIntentsServices_AppIntents
0x0000000248f90000 	/System/Library/PrivateFrameworks/AppIntentsServices.framework/Versions/A/AppIntentsServices
0x00000001bd6a4000 	/System/Library/PrivateFrameworks/CoreRecents.framework/Versions/A/CoreRecents
0x000000022d641000 	/System/Library/Frameworks/_Contacts_AppIntents.framework/Versions/A/_Contacts_AppIntents
0x000000022d683000 	/System/Library/Frameworks/_GeoToolbox_AppIntents.framework/Versions/A/_GeoToolbox_AppIntents
0x00000001ed4ed000 	/System/Library/PrivateFrameworks/DiagnosticRequest.framework/Versions/A/DiagnosticRequest
0x00000002a5273000 	/System/Library/PrivateFrameworks/RegulatoryDomain.framework/Versions/A/RegulatoryDomain
0x00000001b5423000 	/usr/lib/libCTGreenTeaLogger.dylib
0x00000001cb1b1000 	/System/Library/PrivateFrameworks/CoreParsec.framework/Versions/A/CoreParsec
0x00000001e5915000 	/System/Library/PrivateFrameworks/EmailAddressing.framework/Versions/A/EmailAddressing
0x00000001e28d7000 	/System/Library/PrivateFrameworks/EmailCore.framework/Versions/A/EmailCore
0x00000001e388b000 	/System/Library/PrivateFrameworks/EmailFoundation.framework/Versions/A/EmailFoundation
0x000000029fa91000 	/System/Library/PrivateFrameworks/PegasusAPI.framework/Versions/A/PegasusAPI
0x00000002a093f000 	/System/Library/PrivateFrameworks/PegasusConfiguration.framework/Versions/A/PegasusConfiguration
0x00000002552c3000 	/System/Library/PrivateFrameworks/CoreRoutineDiagnostics.framework/Versions/A/CoreRoutineDiagnostics
0x00000001ceae7000 	/System/Library/Frameworks/LocalAuthentication.framework/Support/DaemonUtils.framework/Versions/A/DaemonUtils
0x00000002803da000 	/System/Library/PrivateFrameworks/LocalAuthenticationCoreUI.framework/Versions/A/LocalAuthenticationCoreUI
0x00000001d1ad1000 	/System/Library/PrivateFrameworks/BridgeXPC.framework/Versions/A/BridgeXPC
0x00000001b0bf5000 	/System/Library/PrivateFrameworks/CoreBrightness.framework/Versions/A/CoreBrightness
0x00000001cf609000 	/System/Library/PrivateFrameworks/CoreKDL.framework/Versions/A/CoreKDL
0x00000001cd896000 	/System/Library/PrivateFrameworks/EmbeddedOSSupportHost.framework/Versions/A/EmbeddedOSSupportHost
0x00000001e9b31000 	/System/Library/PrivateFrameworks/CPMS.framework/Versions/A/CPMS
0x00000002b78ab000 	/System/Library/PrivateFrameworks/SystemStatus.framework/Versions/A/SystemStatus
0x00000001d3622000 	/System/Library/PrivateFrameworks/UniversalAccess.framework/Versions/A/UniversalAccess
0x00000001ed50d000 	/System/Library/PrivateFrameworks/PreferencePanesSupport.framework/Versions/A/PreferencePanesSupport
0x00000001e2724000 	/System/Library/PrivateFrameworks/AccessibilitySupport.framework/Versions/A/AccessibilitySupport
0x00000001e2895000 	/System/Library/Frameworks/PreferencePanes.framework/Versions/A/PreferencePanes
0x00000001e427b000 	/System/Library/PrivateFrameworks/UniversalAccess.framework/Versions/A/Frameworks/UniversalAccessCore.framework/Versions/A/UniversalAccessCore
0x00000001ed66d000 	/System/Library/PrivateFrameworks/MachineSettings.framework/Versions/A/MachineSettings
0x00000001e2823000 	/System/Library/PrivateFrameworks/BezelServices.framework/Versions/A/BezelServices
0x00000001cff8e000 	/System/Library/PrivateFrameworks/IntlPreferences.framework/Versions/A/IntlPreferences
0x00000001ec93e000 	/System/Library/PrivateFrameworks/AccessibilitySupport.framework/Versions/A/Frameworks/AccessibilityEvents.framework/Versions/A/AccessibilityEvents
0x00000001e3244000 	/System/Library/PrivateFrameworks/AccessibilitySupport.framework/Versions/A/Frameworks/AccessibilityFoundation.framework/Versions/A/AccessibilityFoundation
0x00000001ec89d000 	/System/Library/PrivateFrameworks/AccessibilitySupport.framework/Versions/A/Frameworks/AccessibilityKit.framework/Versions/A/AccessibilityKit
0x00000001ec8f9000 	/System/Library/PrivateFrameworks/AccessibilitySupport.framework/Versions/A/Frameworks/AccessibilityVisuals.framework/Versions/A/AccessibilityVisuals
0x00000001baca9000 	/System/Library/PrivateFrameworks/BatteryUIKit.framework/Versions/A/BatteryUIKit
0x00000002bd4e0000 	/System/Library/PrivateFrameworks/UniversalControl.framework/Versions/A/UniversalControl
0x00000001bd497000 	/usr/lib/libScreenReader.dylib
0x00000001ce046000 	/System/Library/PrivateFrameworks/AccessibilitySharedSupport.framework/Versions/A/AccessibilitySharedSupport
0x0000000227cdb000 	/System/Library/PrivateFrameworks/AXMediaUtilities.framework/Versions/A/AXMediaUtilities
0x00000001e3dd2000 	/System/Library/Frameworks/Speech.framework/Versions/A/Speech
0x00000001e36b6000 	/System/Library/PrivateFrameworks/AXAssetLoader.framework/Versions/A/AXAssetLoader
0x00000001dd54d000 	/System/Library/PrivateFrameworks/TextToSpeech.framework/Versions/A/TextToSpeech
0x0000000247530000 	/System/Library/PrivateFrameworks/AIMLExperimentationAnalytics.framework/Versions/A/AIMLExperimentationAnalytics
0x0000000247bda000 	/System/Library/PrivateFrameworks/AlgorithmsInternal.framework/Versions/A/AlgorithmsInternal
0x00000002b6e5c000 	/System/Library/PrivateFrameworks/SwiftSQLite.framework/Versions/A/SwiftSQLite
0x00000002ba3e9000 	/System/Library/PrivateFrameworks/TipKitCore.framework/Versions/A/TipKitCore
0x00000002a272b000 	/System/Library/PrivateFrameworks/PlatformSSOCoreUI.framework/Versions/A/PlatformSSOCoreUI
0x00000001c122a000 	/System/Library/PrivateFrameworks/LoginUIKit.framework/Versions/A/LoginUIKit
0x00000001de49f000 	/System/Library/PrivateFrameworks/StorageKit.framework/Versions/A/StorageKit
0x00000001b069b000 	/System/Library/PrivateFrameworks/AppSSOCore.framework/Versions/A/AppSSOCore
0x000000022a13e000 	/System/Library/Frameworks/DeviceCheck.framework/Versions/A/DeviceCheck
0x000000024cece000 	/System/Library/PrivateFrameworks/AvatarKit.framework/Versions/A/AvatarKit
0x00000002cad10000 	/usr/lib/swift/libswiftGLKit.dylib
0x00000002cae49000 	/usr/lib/swift/libswiftSceneKit.dylib
0x000000025d69a000 	/System/Library/PrivateFrameworks/DiskImages2.framework/Versions/A/DiskImages2
0x00000001de4fd000 	/System/Library/PrivateFrameworks/CoreWLANKit.framework/Versions/A/CoreWLANKit
0x00000002c23e1000 	/System/Library/PrivateFrameworks/Wallpaper.framework/Versions/A/Wallpaper
0x00000002c2589000 	/System/Library/PrivateFrameworks/WallpaperFoundation.framework/Versions/A/WallpaperFoundation
0x00000002c25ff000 	/System/Library/PrivateFrameworks/WallpaperTypes.framework/Versions/A/WallpaperTypes
0x00000001fd883000 	/System/Library/PrivateFrameworks/SystemDesktopAppearance.framework/Versions/A/SystemDesktopAppearance
0x00000001b535b000 	/System/Library/Frameworks/GLKit.framework/Versions/A/GLKit
0x00000001e2f38000 	/System/Library/Frameworks/ModelIO.framework/Versions/A/ModelIO
0x00000002cdd60000 	/usr/lib/usd/libusd_ms.dylib
0x00000002bd711000 	/System/Library/PrivateFrameworks/USDLib_FormatLoaderProxy.framework/Versions/A/USDLib_FormatLoaderProxy
0x00000002cab6b000 	/usr/lib/swift/libswift_errno.dylib
0x00000001b4ea3000 	/System/Library/Frameworks/MetalKit.framework/Versions/A/MetalKit
0x00000001d1222000 	/System/Library/Frameworks/SceneKit.framework/Versions/A/SceneKit
0x00000002be405000 	/System/Library/PrivateFrameworks/VFX.framework/Versions/A/VFX
0x00000001ed728000 	/System/Library/PrivateFrameworks/AppleCVA.framework/Versions/A/AppleCVA
0x000000024cf6d000 	/System/Library/PrivateFrameworks/AvatarKitContent.framework/Versions/A/AvatarKitContent
0x000000023d090000 	/System/Library/Frameworks/MetalFX.framework/Versions/A/MetalFX
0x00000001b5443000 	/System/Library/PrivateFrameworks/CoreAppleCVA.framework/Versions/A/CoreAppleCVA
0x00000002754e5000 	/System/Library/PrivateFrameworks/icloudMCCKit.framework/Versions/A/icloudMCCKit
0x000000024934c000 	/System/Library/PrivateFrameworks/AppleAccountUI.framework/Versions/A/AppleAccountUI
0x00000001d66e9000 	/System/Library/PrivateFrameworks/FindMyDeviceUI.framework/Versions/A/FindMyDeviceUI
0x00000002755be000 	/System/Library/PrivateFrameworks/iCloudQuotaUI.framework/Versions/A/iCloudQuotaUI
0x00000001ed670000 	/System/Library/PrivateFrameworks/CoreCDPUI.framework/Versions/A/CoreCDPUI
0x00000001cfff2000 	/System/Library/PrivateFrameworks/CoreFollowUpUI.framework/Versions/A/CoreFollowUpUI
0x00000001dcbd0000 	/System/Library/PrivateFrameworks/IMCore.framework/Versions/A/IMCore
0x00000001c4863000 	/System/Library/PrivateFrameworks/CoreCDP.framework/Versions/A/CoreCDP
0x00000001bfd6a000 	/System/Library/PrivateFrameworks/AskPermission.framework/Versions/A/AskPermission
0x00000001d3ab4000 	/System/Library/Frameworks/Quartz.framework/Versions/A/Quartz
0x00000001cd8bc000 	/System/Library/PrivateFrameworks/FindMyDevice.framework/Versions/A/FindMyDevice
0x00000001e111b000 	/System/Library/PrivateFrameworks/CloudPhotoServicesConfiguration.framework/Versions/A/CloudPhotoServicesConfiguration
0x00000001d233c000 	/System/Library/PrivateFrameworks/CommerceKit.framework/Versions/A/CommerceKit
0x00000001e2999000 	/System/Library/PrivateFrameworks/FindMyMac.framework/Versions/A/FindMyMac
0x00000001d5767000 	/System/Library/Frameworks/AddressBook.framework/Versions/A/AddressBook
0x00000001d3c3c000 	/System/Library/PrivateFrameworks/AOSKit.framework/Versions/A/AOSKit
0x00000001bece6000 	/System/Library/PrivateFrameworks/AOSAccounts.framework/Versions/A/AOSAccounts
0x00000001b56a2000 	/System/Library/PrivateFrameworks/AppleSRP.framework/Versions/A/AppleSRP
0x00000001bd4a4000 	/System/Library/PrivateFrameworks/NetFSServer.framework/Versions/A/NetFSServer
0x00000001d111b000 	/System/Library/Frameworks/PDFKit.framework/Versions/A/PDFKit
0x00000002cad3a000 	/usr/lib/swift/libswiftPassKit.dylib
0x00000001f58c5000 	/System/Library/Frameworks/PassKit.framework/Versions/A/PassKit
0x00000001c1310000 	/System/Library/PrivateFrameworks/PassKitCore.framework/Versions/A/PassKitCore
0x000000029eec5000 	/System/Library/PrivateFrameworks/PassKitMacHelperTemp.framework/Versions/A/PassKitMacHelperTemp
0x00000002c8f58000 	/usr/lib/libAppleSSE.dylib
0x00000002a8ebf000 	/System/Library/PrivateFrameworks/SEService.framework/Versions/A/SEService
0x000000023a59e000 	/System/Library/Frameworks/FinanceKit.framework/Versions/A/FinanceKit
0x000000024aae9000 	/System/Library/PrivateFrameworks/AppletTranslationFramework.framework/Versions/A/AppletTranslationFramework
0x00000001d3b50000 	/System/Library/PrivateFrameworks/NearField.framework/Versions/A/NearField
0x00000002a8fe8000 	/System/Library/PrivateFrameworks/SESShared.framework/Versions/A/SESShared
0x00000002b63eb000 	/System/Library/PrivateFrameworks/STSXPCHelperClient.framework/Versions/A/STSXPCHelperClient
0x00000001d5f5b000 	/usr/lib/libnfshared.dylib
0x00000001f9605000 	/System/Library/PrivateFrameworks/PassKitUIFoundation.framework/Versions/A/PassKitUIFoundation
0x00000001b50b2000 	/System/Library/Frameworks/MapKit.framework/Versions/A/MapKit
0x000000026586a000 	/System/Library/PrivateFrameworks/GeoAnalytics.framework/Versions/A/GeoAnalytics
0x00000001d5f86000 	/System/Library/PrivateFrameworks/Navigation.framework/Versions/A/Navigation
0x00000001dfbf6000 	/System/Library/PrivateFrameworks/VectorKit.framework/Versions/A/VectorKit
0x0000000244819000 	/System/Library/PrivateFrameworks/_GeoServices_GeoToolbox.framework/Versions/A/_GeoServices_GeoToolbox
0x00000001c6473000 	/System/Library/PrivateFrameworks/VirtualGarage.framework/Versions/A/VirtualGarage
0x00000001d6201000 	/System/Library/Frameworks/ExternalAccessory.framework/ExternalAccessory
0x00000001d6217000 	/System/Library/PrivateFrameworks/IAP.framework/Versions/A/IAP
0x00000001c6587000 	/System/Library/PrivateFrameworks/ContactsUICore.framework/Versions/A/ContactsUICore
0x00000001c0e0d000 	/System/Library/PrivateFrameworks/IMSharedUtilities.framework/Versions/A/IMSharedUtilities
0x00000002cac99000 	/usr/lib/swift/libswiftAppleArchive.dylib
0x00000001ce98c000 	/System/Library/PrivateFrameworks/ContactsDonation.framework/Versions/A/ContactsDonation
0x00000001cd901000 	/System/Library/PrivateFrameworks/DataDetectors.framework/Versions/A/DataDetectors
0x00000001bf49a000 	/System/Library/Frameworks/MediaLibrary.framework/Versions/A/MediaLibrary
0x00000001b5915000 	/System/Library/PrivateFrameworks/PersonaKit.framework/Versions/A/PersonaKit
0x00000001c657a000 	/System/Library/PrivateFrameworks/PersonaUI.framework/Versions/A/PersonaUI
0x00000001e2340000 	/System/Library/PrivateFrameworks/Transparency.framework/Versions/A/Transparency
0x0000000262e88000 	/System/Library/PrivateFrameworks/FindMyLocate.framework/Versions/A/FindMyLocate
0x00000002a882f000 	/System/Library/PrivateFrameworks/SensitiveContentAnalysisUI.framework/Versions/A/SensitiveContentAnalysisUI
0x00000002555b3000 	/System/Library/PrivateFrameworks/CoreTransparency.framework/Versions/A/CoreTransparency
0x0000000262cb8000 	/System/Library/PrivateFrameworks/FindMyCommon.framework/Versions/A/FindMyCommon
0x0000000262a62000 	/System/Library/PrivateFrameworks/FindMyBase.framework/Versions/A/FindMyBase
0x000000023d852000 	/System/Library/Frameworks/NearbyInteraction.framework/Versions/A/NearbyInteraction
0x0000000262e82000 	/System/Library/PrivateFrameworks/FindMyFeatureFlags.framework/Versions/A/FindMyFeatureFlags
0x000000022d5f4000 	/System/Library/Frameworks/_AVKit_SwiftUI.framework/Versions/A/_AVKit_SwiftUI
0x00000002bba47000 	/System/Library/PrivateFrameworks/TrustKit.framework/Versions/A/TrustKit
0x00000001b57fc000 	/System/Library/PrivateFrameworks/AddressBookCore.framework/Versions/A/AddressBookCore
0x00000001d5897000 	/System/Library/PrivateFrameworks/ToneKit.framework/Versions/A/ToneKit
0x00000001cffc3000 	/System/Library/PrivateFrameworks/ToneLibrary.framework/Versions/A/ToneLibrary
0x0000000251be6000 	/System/Library/PrivateFrameworks/ContactsAccounts.framework/Versions/A/ContactsAccounts
0x00000001d39ef000 	/System/Library/PrivateFrameworks/Lookup.framework/Versions/A/Lookup
0x0000000240ca4000 	/System/Library/Frameworks/QuickLookUI.framework/Versions/A/QuickLookUI
0x00000001cb494000 	/System/Library/PrivateFrameworks/DeviceManagement.framework/Versions/A/DeviceManagement
0x00000001ed401000 	/System/Library/PrivateFrameworks/ScreenTimeUI.framework/Versions/A/ScreenTimeUI
0x000000024154f000 	/System/Library/Frameworks/ScreenCaptureKit.framework/Versions/A/ScreenCaptureKit
0x00000001bd598000 	/System/Library/Frameworks/QuickLookThumbnailing.framework/Versions/A/QuickLookThumbnailing
0x00000001cb18b000 	/System/Library/PrivateFrameworks/QuickLookSupport.framework/Versions/A/QuickLookSupport
0x00000001cd8fd000 	/System/Library/PrivateFrameworks/QuickLookNonBaseSystem.framework/Versions/A/QuickLookNonBaseSystem
0x00000001b4e4c000 	/System/Library/Frameworks/QuickLook.framework/Versions/A/QuickLook
0x00000001cea3e000 	/System/Library/PrivateFrameworks/Catalyst.framework/Versions/A/Catalyst
0x00000001d013e000 	/System/Library/PrivateFrameworks/ScreenTimeCore.framework/Versions/A/ScreenTimeCore
0x00000001e411d000 	/System/Library/PrivateFrameworks/ScreenTimeServiceUI.framework/Versions/A/ScreenTimeServiceUI
0x00000002a7417000 	/System/Library/PrivateFrameworks/ScreenTimeSettingsServices.framework/Versions/A/ScreenTimeSettingsServices
0x00000002a7dbe000 	/System/Library/PrivateFrameworks/ScreenTimeSwift.framework/Versions/A/ScreenTimeSwift
0x000000024bdd5000 	/System/Library/PrivateFrameworks/AskToCore.framework/Versions/A/AskToCore
0x00000001dc4bf000 	/System/Library/PrivateFrameworks/ConfigurationEngineModel.framework/Versions/A/ConfigurationEngineModel
0x00000001dfbbc000 	/System/Library/PrivateFrameworks/UsageTracking.framework/Versions/A/UsageTracking
0x000000023a121000 	/System/Library/Frameworks/DeviceActivity.framework/Versions/A/DeviceActivity
0x00000001dfb98000 	/System/Library/PrivateFrameworks/KnowledgeMonitor.framework/Versions/A/KnowledgeMonitor
0x00000002b772d000 	/System/Library/PrivateFrameworks/Symptoms.framework/Versions/A/Frameworks/SymptomPresentationFeed.framework/Versions/A/SymptomPresentationFeed
0x00000001f95c3000 	/System/Library/PrivateFrameworks/BluetoothManager.framework/Versions/A/BluetoothManager
0x00000002b774f000 	/System/Library/PrivateFrameworks/SymptomShared.framework/Versions/A/SymptomShared
0x00000002b74bd000 	/System/Library/PrivateFrameworks/Symptoms.framework/Versions/A/Frameworks/SymptomAnalytics.framework/Versions/A/SymptomAnalytics
0x000000023c3a7000 	/System/Library/Frameworks/ManagedSettings.framework/Versions/A/ManagedSettings
0x0000000280d34000 	/System/Library/PrivateFrameworks/ManagedSettingsSupport.framework/Versions/A/ManagedSettingsSupport
0x00000001f58d0000 	/System/Library/Frameworks/ReplayKit.framework/Versions/A/ReplayKit
0x00000001e4b30000 	/System/Library/PrivateFrameworks/PhotosFormats.framework/Versions/A/PhotosFormats
0x00000001babb9000 	/System/Library/PrivateFrameworks/AVFoundationCF.framework/Versions/A/AVFoundationCF
0x00000002a2c92000 	/System/Library/PrivateFrameworks/Portrait.framework/Versions/A/Portrait
0x00000001dc35d000 	/System/Library/PrivateFrameworks/MMCS.framework/Versions/A/MMCS
0x00000001c0ddd000 	/System/Library/PrivateFrameworks/PhotoFoundation.framework/Versions/A/PhotoFoundation
0x000000024948a000 	/System/Library/PrivateFrameworks/AppleDepth.framework/Versions/A/AppleDepth
0x0000000263e70000 	/System/Library/PrivateFrameworks/FusionTracker.framework/Versions/A/FusionTracker
0x0000000250065000 	/System/Library/PrivateFrameworks/CinematicUtil.framework/Versions/A/CinematicUtil
0x0000000250029000 	/System/Library/PrivateFrameworks/CinematicCommunication.framework/Versions/A/CinematicCommunication
0x00000002495e3000 	/System/Library/PrivateFrameworks/AppleDepthCore.framework/Versions/A/AppleDepthCore
0x00000001bf330000 	/System/Library/PrivateFrameworks/ChunkingLibrary.framework/Versions/A/ChunkingLibrary
0x00000001b5674000 	/System/Library/PrivateFrameworks/AssetCacheServices.framework/Versions/A/AssetCacheServices
0x00000001c2155000 	/System/Library/PrivateFrameworks/MarkupUI.framework/Versions/A/MarkupUI
0x00000001cd8dd000 	/System/Library/PrivateFrameworks/SidecarCore.framework/Versions/A/SidecarCore
0x00000001d0b85000 	/System/Library/PrivateFrameworks/AnnotationKit.framework/Versions/A/AnnotationKit
0x00000001cd287000 	/System/Library/PrivateFrameworks/CorePDF.framework/Versions/A/CorePDF
0x00000001d0c89000 	/System/Library/Frameworks/Quartz.framework/Versions/A/Frameworks/QuartzComposer.framework/Versions/A/QuartzComposer
0x00000001cff70000 	/System/Library/Frameworks/Quartz.framework/Versions/A/Frameworks/QuartzFilters.framework/Versions/A/QuartzFilters
0x00000001cf1e1000 	/System/Library/Frameworks/Quartz.framework/Versions/A/Frameworks/ImageKit.framework/Versions/A/ImageKit
0x000000022c2e5000 	/System/Library/Frameworks/OpenCL.framework/Versions/A/OpenCL
0x00000001c1225000 	/System/Library/PrivateFrameworks/DisplayServices.framework/Versions/A/DisplayServices
0x00000001cff0e000 	/System/Library/Frameworks/ImageCaptureCore.framework/Versions/A/ImageCaptureCore
0x00000002c043b000 	/System/Library/PrivateFrameworks/VisionKitCore.framework/Versions/A/VisionKitCore
0x00000002758b9000 	/System/Library/PrivateFrameworks/ImageCaptureDevices.framework/Versions/A/ImageCaptureDevices
0x0000000243392000 	/System/Library/Frameworks/Translation.framework/Versions/A/Translation
0x00000002816a1000 	/System/Library/PrivateFrameworks/MediaAnalysisServices.framework/Versions/A/MediaAnalysisServices
0x00000001ec483000 	/System/Library/PrivateFrameworks/RevealCore.framework/Versions/A/RevealCore
0x00000001ec47b000 	/System/Library/PrivateFrameworks/Reveal.framework/Versions/A/Reveal
0x0000000276d23000 	/System/Library/PrivateFrameworks/InputToolKit.framework/Versions/A/InputToolKit
0x00000002615fd000 	/System/Library/PrivateFrameworks/EmbeddingCore.framework/Versions/A/EmbeddingCore
0x00000002bb9c2000 	/System/Library/PrivateFrameworks/TranslationUIServices.framework/Versions/A/TranslationUIServices
0x00000001cf394000 	/System/Library/Frameworks/PencilKit.framework/Versions/A/PencilKit
0x00000001cf531000 	/System/Library/PrivateFrameworks/SidecarUI.framework/Versions/A/SidecarUI
0x00000001cede6000 	/System/Library/PrivateFrameworks/CoreHandwriting.framework/Versions/A/CoreHandwriting
0x000000019f683000 	/usr/lib/libmecabra.dylib
0x00000001c6b4a000 	/System/Library/PrivateFrameworks/Calculate.framework/Versions/A/Calculate
0x00000001b056e000 	/usr/lib/libChineseTokenizer.dylib
0x0000000227e60000 	/System/Library/PrivateFrameworks/ScreenReaderCore.framework/Versions/A/ScreenReaderCore
0x00000002b6307000 	/System/Library/PrivateFrameworks/StocksKit.framework/Versions/A/StocksKit
0x00000002b6032000 	/System/Library/PrivateFrameworks/StocksCore.framework/Versions/A/StocksCore
0x00000002b79b3000 	/System/Library/PrivateFrameworks/TeaFoundation.framework/Versions/A/TeaFoundation
0x00000002b7b91000 	/System/Library/PrivateFrameworks/TeaSettings.framework/Versions/A/TeaSettings
0x000000021e069000 	/System/Library/PrivateFrameworks/NewsCore.framework/Versions/A/NewsCore
0x00000002b794a000 	/System/Library/PrivateFrameworks/TeaDB.framework/Versions/A/TeaDB
0x00000001fa548000 	/System/Library/PrivateFrameworks/RemoteConfiguration.framework/Versions/A/RemoteConfiguration
0x000000024b47e000 	/System/Library/PrivateFrameworks/AppPrivateData.framework/Versions/A/AppPrivateData
0x000000021dd60000 	/System/Library/PrivateFrameworks/NewsTransport.framework/Versions/A/NewsTransport
0x00000001fd71e000 	/System/Library/PrivateFrameworks/NewsFoundation.framework/Versions/A/NewsFoundation
0x000000028bd67000 	/System/Library/PrivateFrameworks/NewsURLBucket.framework/Versions/A/NewsURLBucket
0x00000001d2738000 	/System/Library/PrivateFrameworks/MobileInstallation.framework/Versions/A/MobileInstallation
0x00000001d8073000 	/System/Library/PrivateFrameworks/CoreCDPInternal.framework/Versions/A/CoreCDPInternal
0x0000000276c3c000 	/System/Library/PrivateFrameworks/InputAnalytics.framework/Versions/A/InputAnalytics
0x00000001dd404000 	/System/Library/Frameworks/InstantMessage.framework/Versions/A/InstantMessage
0x00000001d569f000 	/System/Library/PrivateFrameworks/IDSKVStore.framework/Versions/A/IDSKVStore
0x00000001d5283000 	/System/Library/PrivateFrameworks/IMDPersistence.framework/Versions/A/IMDPersistence
0x000000024c21e000 	/System/Library/PrivateFrameworks/AssistantActionSuggestion.framework/Versions/A/AssistantActionSuggestion
0x000000024c4fc000 	/System/Library/PrivateFrameworks/AssistantActionSuggestionSupport.framework/Versions/A/AssistantActionSuggestionSupport
0x00000002bd87c000 	/System/Library/PrivateFrameworks/UserSafety.framework/Versions/A/UserSafety
0x00000001e4450000 	/System/Library/Frameworks/IdentityLookup.framework/Versions/A/IdentityLookup
0x00000001f85d9000 	/System/Library/PrivateFrameworks/BlastDoor.framework/Versions/A/BlastDoor
0x00000002bcb93000 	/System/Library/PrivateFrameworks/UIIntelligenceSupportAgent.framework/Versions/A/UIIntelligenceSupportAgent
0x00000001e6aca000 	/System/Library/PrivateFrameworks/CoreMediaStream.framework/Versions/A/CoreMediaStream
0x000000027d875000 	/System/Library/PrivateFrameworks/LinkPresentationStyleSheetParsing.framework/Versions/A/LinkPresentationStyleSheetParsing
0x00000002a2d64000 	/System/Library/PrivateFrameworks/PosterFoundation.framework/Versions/A/PosterFoundation
0x00000002a2ddc000 	/System/Library/PrivateFrameworks/PosterModel.framework/Versions/A/PosterModel
0x00000002a2dbe000 	/System/Library/PrivateFrameworks/PosterFuturesKit.framework/Versions/A/PosterFuturesKit
0x00000002623db000 	/System/Library/PrivateFrameworks/FeedbackService.framework/Versions/A/FeedbackService
0x00000001ce901000 	/System/Library/PrivateFrameworks/CoreSDB.framework/Versions/A/CoreSDB
0x00000001d9db6000 	/System/Library/PrivateFrameworks/SPOwner.framework/Versions/A/SPOwner
0x00000001d238c000 	/System/Library/PrivateFrameworks/FMCore.framework/Versions/A/FMCore
0x00000001c12f8000 	/System/Library/PrivateFrameworks/FMCoreLite.framework/Versions/A/FMCoreLite
0x0000000275528000 	/System/Library/PrivateFrameworks/iCloudQuota.framework/Versions/A/iCloudQuota
0x00000001c650a000 	/System/Library/PrivateFrameworks/CoreRecognition.framework/Versions/A/CoreRecognition
0x00000001e28be000 	/System/Library/PrivateFrameworks/InAppMessages.framework/Versions/A/InAppMessages
0x0000000225830000 	/System/Library/PrivateFrameworks/JetUI.framework/Versions/A/JetUI
0x00000001e28b8000 	/System/Library/PrivateFrameworks/InAppMessagesCore.framework/Versions/A/InAppMessagesCore
0x00000001d078f000 	/System/Library/PrivateFrameworks/iTunesCloud.framework/Versions/A/iTunesCloud
0x00000001d9d3f000 	/System/Library/PrivateFrameworks/DAAPKit.framework/Versions/A/DAAPKit
0x0000000244833000 	/System/Library/PrivateFrameworks/_JetEngine_SwiftUI.framework/Versions/A/_JetEngine_SwiftUI
0x00000001d2afe000 	/System/Library/PrivateFrameworks/PhotoLibraryServices.framework/Versions/A/PhotoLibraryServices
0x00000002a0fcf000 	/System/Library/PrivateFrameworks/PhotoLibraryServicesCore.framework/Versions/A/PhotoLibraryServicesCore
0x00000001cfb7b000 	/System/Library/Frameworks/Photos.framework/Versions/A/Photos
0x0000000246076000 	/System/Library/PrivateFrameworks/ACSEFoundation.framework/Versions/A/ACSEFoundation
0x00000001e113c000 	/System/Library/PrivateFrameworks/CloudPhotoLibrary.framework/Versions/A/CloudPhotoLibrary
0x00000001ea83f000 	/System/Library/PrivateFrameworks/CloudPhotoServices.framework/Versions/A/CloudPhotoServices
0x000000027d0a5000 	/System/Library/PrivateFrameworks/Leo.framework/Versions/A/Leo
0x00000001e2e59000 	/System/Library/PrivateFrameworks/MediaConversionService.framework/Versions/A/MediaConversionService
0x00000001ce454000 	/System/Library/PrivateFrameworks/MediaStream.framework/Versions/A/MediaStream
0x00000001e32e8000 	/System/Library/PrivateFrameworks/NeutrinoCore.framework/Versions/A/NeutrinoCore
0x00000001a6140000 	/System/Library/PrivateFrameworks/NLP.framework/Versions/A/NLP
0x00000001e9658000 	/System/Library/PrivateFrameworks/PhotoImaging.framework/Versions/A/PhotoImaging
0x00000001ea80a000 	/System/Library/PrivateFrameworks/PhotosImagingFoundation.framework/Versions/A/PhotosImagingFoundation
0x00000002a1c94000 	/System/Library/PrivateFrameworks/PhotosIntelligenceCore.framework/Versions/A/PhotosIntelligenceCore
0x00000002c9024000 	/usr/lib/libaxis.dylib
0x00000001ea84b000 	/System/Library/PrivateFrameworks/AutoLoop.framework/Versions/A/AutoLoop
0x00000002a143a000 	/System/Library/PrivateFrameworks/PhotosGenerativeServices.framework/Versions/A/PhotosGenerativeServices
0x00000002c07ad000 	/System/Library/PrivateFrameworks/VisualGeneration.framework/Versions/A/VisualGeneration
0x0000000247e62000 	/System/Library/PrivateFrameworks/ANEClientSignals.framework/Versions/A/ANEClientSignals
0x000000025007d000 	/System/Library/PrivateFrameworks/CipherML.framework/Versions/A/CipherML
0x00000002842f0000 	/System/Library/PrivateFrameworks/ModelInterfaces.framework/Versions/A/ModelInterfaces
0x000000026a419000 	/System/Library/PrivateFrameworks/GRPCCoreInternal.framework/Versions/A/GRPCCoreInternal
0x000000026a4c3000 	/System/Library/PrivateFrameworks/GRPCProtobufInternal.framework/Versions/A/GRPCProtobufInternal
0x00000002a099e000 	/System/Library/PrivateFrameworks/PegasusKit.framework/Versions/A/PegasusKit
0x000000026a4ea000 	/System/Library/PrivateFrameworks/GRPCURLSessionTransportInternal.framework/Versions/A/GRPCURLSessionTransportInternal
0x00000001b9fef000 	/System/Library/PrivateFrameworks/CPAnalytics.framework/Versions/A/CPAnalytics
0x00000001fc4a8000 	/usr/lib/swift/libswiftDemangle.dylib
0x00000002b7759000 	/System/Library/PrivateFrameworks/Synapse.framework/Versions/A/Synapse
0x000000025c803000 	/System/Library/PrivateFrameworks/CSExattrCrypto.framework/Versions/A/CSExattrCrypto
0x00000001d376a000 	/System/Library/PrivateFrameworks/StoreFoundation.framework/Versions/A/StoreFoundation
0x00000001d2387000 	/System/Library/PrivateFrameworks/ServerInformation.framework/Versions/A/ServerInformation
0x00000001d1d40000 	/System/Library/PrivateFrameworks/Install.framework/Frameworks/DistributionKit.framework/Versions/A/DistributionKit
0x00000001caf75000 	/System/Library/PrivateFrameworks/PackageKit.framework/Versions/A/PackageKit
0x00000001cecef000 	/System/Library/PrivateFrameworks/StorageManagement.framework/Versions/A/StorageManagement
0x00000001e299f000 	/System/Library/PrivateFrameworks/MobileActivationMacOS.framework/Versions/A/MobileActivationMacOS
0x000000024bb87000 	/System/Library/PrivateFrameworks/Archetype.framework/Versions/A/Archetype
0x0000000282225000 	/System/Library/PrivateFrameworks/MenuBarClientCore.framework/Versions/A/MenuBarClientCore
0x00000002b4e1a000 	/System/Library/PrivateFrameworks/SpotlightKnowledge.framework/Versions/A/SpotlightKnowledge
0x00000002b4e03000 	/System/Library/PrivateFrameworks/SpotlightEmbedding.framework/Versions/A/SpotlightEmbedding
0x00000001a4287000 	/System/Library/PrivateFrameworks/SpotlightLinguistics.framework/Versions/A/SpotlightLinguistics
0x00000002b5425000 	/System/Library/PrivateFrameworks/SpotlightResources.framework/Versions/A/SpotlightResources
0x00000001d35dc000 	/System/Library/PrivateFrameworks/DataDeliveryServices.framework/Versions/A/DataDeliveryServices
0x00000001f647c000 	/usr/lib/libAppleEXR.dylib
0x000000017a2b4000 	/Library/Java/JavaVirtualMachines/temurin-25.jdk/Contents/Home/lib/libawt.dylib
0x000000023c216000 	/System/Library/Frameworks/JavaRuntimeSupport.framework/Versions/A/JavaRuntimeSupport
0x000000017f870000 	/Library/Java/JavaVirtualMachines/temurin-25.jdk/Contents/Home/lib/libawt_lwawt.dylib
0x00000001703cc000 	/Library/Java/JavaVirtualMachines/temurin-25.jdk/Contents/Home/lib/libosxapp.dylib
0x00000001cb530000 	/System/Library/Frameworks/ExceptionHandling.framework/Versions/A/ExceptionHandling

JVMTI agents: none


VM Arguments:
jvm_args: -Dfile.encoding=UTF-8 -Duser.country=DE -Duser.language=de -Duser.variant 
java_command: de.kortty.ui.ToolTabRenderSmoke
java_class_path (initial): /Users/daniel/Software-Projects/kortty_java/korTTY/.claude/worktrees/agent-af4d1d982f6029a92/build/classes/java/test:/Users/daniel/Software-Projects/kortty_java/korTTY/.claude/worktrees/agent-af4d1d982f6029a92/build/resources/test:/Users/daniel/Software-Projects/kortty_java/korTTY/.claude/worktrees/agent-af4d1d982f6029a92/build/classes/java/main:/Users/daniel/Software-Projects/kortty_java/korTTY/.claude/worktrees/agent-af4d1d982f6029a92/build/resources/main:/Users/daniel/.gradle/caches/modules-2/files-2.1/io.github.mkpaz/atlantafx-base/3.0.0/84e6cac43d6ca7a8b335f9cea38b1237c7c33576/atlantafx-base-3.0.0.jar:/Users/daniel/.gradle/caches/modules-2/files-2.1/org.apache.sshd/sshd-sftp/2.19.0/4f817b2d8c34e5bc33e968932ff177be8602eac5/sshd-sftp-2.19.0.jar:/Users/daniel/.gradle/caches/modules-2/files-2.1/org.apache.sshd/sshd-core/2.19.0/e1524d99feece8d50db0a75f43f99818c649dd97/sshd-core-2.19.0.jar:/Users/daniel/.gradle/caches/modules-2/files-2.1/org.apache.sshd/sshd-common/2.19.0/5f871c9c88ba810d6ac21b14a1279c1fce21d5b2/sshd-common-2.19.0.jar:/Users/daniel/.gradle/caches/modules-2/files-2.1/org.bouncycastle/bcpkix-jdk18on/1.86/fb5ea65959db10fe5d61148bb2b77f6e231455b1/bcpkix-jdk18on-1.86.jar:/Users/daniel/.gradle/caches/modules-2/files-2.1/org.bouncycastle/bcutil-jdk18on/1.86/2c8e77f5601c2b84c8773af4caf403a34daca357/bcutil-jdk18on-1.86.jar:/Users/daniel/.gradle/caches/modules-2/files-2.1/org.bouncycastle/bcprov-jdk18on/1.86/830c8467bed8e4c1148262386b09fc42aedcf262/bcprov-jdk18on-1.86.jar:/Users/daniel/.m2/repository/com/sithtermfx/sithtermfx-ui/1.2.2/sithtermfx-ui-1.2.2.jar:/Users/daniel/.m2/repository/com/sithtermfx/sithtermfx-core/1.2.2/sithtermfx-core-1.2.2.jar:/Users/daniel/.gradle/caches/modules-2/files-2.1/com.googlecode.lanterna/lanterna/3.1.5/15a18d18300254b4a457738f65d0a08e28f7d387/lanterna-3.1.5.jar:/Users/daniel/.gradle/caches/modules-2/files-2.1/org.glassfish.jaxb/jaxb-runtime/4.0.9/500c199572538675d2819c938fbafe34935d8d6b/jaxb-runtime-4.0.9.jar:/Users/daniel/.gradle/caches/modules-2/files-2.1/org.glassfish.jaxb/jaxb-core/4.0.9/3f32ec949d109d666fa30994223d1c25a47b105f/jaxb-core-4.0.9.jar:/Users/daniel/.gradle/caches/modules-2/files-2.1/jakarta.xml.bind/jakarta.xml.bind-api/4.0.5/161811f36cad3c65991502e80317f2f6703361df/jakarta.xml.bind-api-4.0.5.jar:/Users/daniel/.gradle/caches/modules-2/files-2.1/net.lingala.zip4j/zip4j/2.11.6/f0cafa2d85c3e24027544a9938012a4d2e72498f/zip4j-2.11.6.jar:/Users/daniel/.m2/repository/org/apache/commons/commons-compress/1.28.0/commons-compress-1.28.0.jar:/Users/daniel/.m2/repository/org/tukaani/xz/1.12/xz-1.12.jar:/Users/daniel/.gradle/caches/modules-2/files-2.1/com.github.lalyos/jfiglet/0.0.9/e192c771b3bcf6ea17097e6b87c1fa1372112865/jfiglet-0.0.9.jar:/Users/daniel/.gradle/caches/modules-2/files-2.1/com.nulab-inc/zxcvbn/1.9.0/47e0b80099d6109ef199072aaab326325aca5e44/zxcvbn-1.9.0.jar:/Users/daniel/.gradle/caches/modules-2/files-2.1/org.tomlj/tomlj/1.3.0/e6c8302aaf0bcc79273b98b9a79cee90e356c14d/tomlj-1.3.0.jar:/Users/daniel/.gradle/caches/modules-2/files-2.1/com.google.code.gson/gson/2.14.0/efc0e34ede4e3204eaefb84a00e55e8c86634382/gson-2.14.0.jar:/Users/daniel/.gradle/caches/modules-2/files-2.1/org.commonmark/commonmark-ext-gfm-strikethrough/0.30.0/e9addacba704ffce26d6b8bcd1c50e235ec2c991/commonmark-ext-gfm-strikethrough-0.30.0.jar:/Users/daniel/.gradle/caches/modules-2/files-2.1/com.google.googlejavaformat/google-java-format/1.36.1/dda12cd09a838f3a692845d5ebcf131dae93a251/google-java-format-1.36.1.jar:/Users/daniel/.gradle/caches/modules-2/files-2.1/org.commonmark/commonmark-ext-gfm-tables/0.28.0/ca0cde4d8816a9cf6051e636fb3148034b545073/commonmark-ext-gfm-tables-0.28.0.jar:/Users/daniel/.gradle/caches/modules-2/files-2.1/org.commonmark/commonmark/0.30.0/fc611136b3191a08d2b84c5d5a26116e3531afee/commonmark-0.30.0.jar:/Users/daniel/.gradle/caches/modules-2/files-2.1/com.knuddels/jtokkit/1.1.0/b7370f801db3eb8c7c6a2c2c06231909ac6de0b0/jtokkit-1.1.0.jar:/Users/daniel/.gradle/caches/modules-2/files-2.1/org.apache.pdfbox/pdfbox/3.0.8/c5d8c0b56aa156d64283f07729215a9938be2e69/pdfbox-3.0.8.jar:/Users/daniel/.m2/repository/org/jetbrains/pty4j/pty4j/0.12.25/pty4j-0.12.25.jar:/Users/daniel/.gradle/caches/modules-2/files-2.1/com.github.luben/zstd-jni/1.5.7-20/d83ac64e8d2bf40ed2c40f5bdfa3b9ec88c63003/zstd-jni-1.5.7-20.jar:/Users/daniel/.gradle/caches/modules-2/files-2.1/net.java.dev.jna/jna-platform/5.19.1/d1e54d9231da5ca3fa730d52960deaa555475468/jna-platform-5.19.1.jar:/Users/daniel/.gradle/caches/modules-2/files-2.1/net.java.dev.jna/jna/5.19.1/ca303052cd617c1af2e2c8d344c98a706fb63143/jna-5.19.1.jar:/Users/daniel/.gradle/caches/modules-2/files-2.1/ch.qos.logback/logback-classic/1.6.4/f244bc79f26869efa8a4efc6d40fae6b48edd4ce/logback-classic-1.6.4.jar:/Users/daniel/.gradle/caches/modules-2/files-2.1/org.testng/testng/7.12.0/55b39526598d8eb2e0e75bffbbd4b683adb85dcc/testng-7.12.0.jar:/Users/daniel/.gradle/caches/modules-2/files-2.1/org.slf4j/jcl-over-slf4j/1.7.36/d877e195a05aca4a2f1ad2ff14bfec1393af4b5e/jcl-over-slf4j-1.7.36.jar:/Users/daniel/.gradle/caches/modules-2/files-2.1/org.slf4j/slf4j-api/2.0.20/7fea9d92ba67e9b3c8f03515fb202b86a1fe44f6/slf4j-api-2.0.20.jar:/Users/daniel/.gradle/caches/modules-2/files-2.1/org.openjfx/javafx-web/21.0.12/42667fd21d1f81f53daa2bcd2053e9c8e72625bb/javafx-web-21.0.12-mac-aarch64.jar:/Users/daniel/.gradle/caches/modules-2/files-2.1/org.openjfx/javafx-controls/21.0.12/504bedd52a9dfbbe665d8af54b861ad1c76544ef/javafx-controls-21.0.12-mac-aarch64.jar:/Users/daniel/.gradle/caches/modules-2/files-2.1/org.openjfx/javafx-media/21.0.12/f437e75d7753d1260e2541cf0ce81734dfc54bb5/javafx-media-21.0.12-mac-aarch64.jar:/Users/daniel/.gradle/caches/modules-2/files-2.1/org.openjfx/javafx-swing/21.0.12/76b76c0031e083f65d53e3415b2ca7742e8b3d5/javafx-swing-21.0.12-mac-aarch64.jar:/Users/daniel/.gradle/caches/modules-2/files-2.1/org.openjfx/javafx-graphics/21.0.12/b3262f5dd2901b81a0d2707a63d778182ade93a8/javafx-graphics-21.0.12-mac-aarch64.jar:/Users/daniel/.gradle/caches/modules-2/files-2.1/com.google.truth/truth/1.4.5/176753805c1c7d8ec439dd61c48bd688cdc48436/truth-1.4.5.jar:/Users/daniel/.m2/repository/org/jetbrains/kotlin/kotlin-stdlib/1.9.22/kotlin-stdlib-1.9.22.jar:/Users/daniel/.m2/repository/org/jetbrains/annotations/24.0.1/annotations-24.0.1.jar:/Users/daniel/.gradle/caches/modules-2/files-2.1/org.openjfx/javafx-base/21.0.12/a0b798d970a7483137035b0ac5b9e4aab003b873/javafx-base-21.0.12-mac-aarch64.jar:/Users/daniel/.gradle/caches/modules-2/files-2.1/org.eclipse.angus/angus-activation/2.0.3/7f80607ea5014fef0b1779e6c33d63a88a45a563/angus-activation-2.0.3.jar:/Users/daniel/.m2/repository/jakarta/activation/jakarta.activation-api/2.1.4/jakarta.activation-api-2.1.4.jar:/Users/daniel/.m2/repository/commons-codec/commons-codec/1.19.0/commons-codec-1.19.0.jar:/Users/daniel/.gradle/caches/modules-2/files-2.1/commons-io/commons-io/2.20.0/36f3474daec2849c149e877614e7f979b2082cd2/commons-io-2.20.0.jar:/Users/daniel/.m2/repository/org/apache/commons/commons-lang3/3.18.0/commons-lang3-3.18.0.jar:/Users/daniel/.m2/repository/org/antlr/antlr4-runtime/4.13.2/antlr4-runtime-4.13.2.jar:/Users/daniel/.gradle/caches/modules-2/files-2.1/com.google.guava/guava/33.4.3-android/f0952f1344ebda01d7dbaf52f5af0901a348a340/guava-33.4.3-jre.jar:/Users/daniel/.gradle/caches/modules-2/files-2.1/org.checkerframework/checker-qual/3.55.1/3d40699936a66b2d4c1f759f2f1a0446c8cf64fc/checker-qual-3.55.1.jar:/Users/daniel/.gradle/caches/modules-2/files-2.1/com.google.errorprone/error_prone_annotations/2.48.0/bbe30942a31d1778c74cb272321267eca82dc708/error_prone_annotations-2.48.0.jar:/Users/daniel/.gradle/caches/modules-2/files-2.1/org.apache.pdfbox/fontbox/3.0.8/e9f4225dc564b212ecdc31d1574f2d0c1dc3ad30/fontbox-3.0.8.jar:/Users/daniel/.gradle/caches/modules-2/files-2.1/org.apache.pdfbox/pdfbox-io/3.0.8/953f459ebc08048b75afc3e823aea2e0466a01b/pdfbox-io-3.0.8.jar:/Users/daniel/.gradle/caches/modules-2/files-2.1/commons-logging/commons-logging/1.4.0/e8f6313365dfa0580e49c58837afc8caa9b4ce05/commons-logging-1.4.0.jar:/Users/daniel/.m2/repository/org/jetbrains/pty4j/purejavacomm/0.0.11.1/purejavacomm-0.0.11.1.jar:/Users/daniel/.gradle/caches/modules-2/files-2.1/ch.qos.logback/logback-core/1.6.4/abe12d3d8979438b02baf9fe2032016ed3f286b0/logback-core-1.6.4.jar:/Users/daniel/.m2/repository/org/jspecify/jspecify/1.0.0/jspecify-1.0.0.jar:/Users/daniel/.m2/repository/junit/junit/4.13.2/junit-4.13.2.jar:/Users/daniel/.gradle/caches/modules-2/files-2.1/com.google.auto.value/auto-value-annotations/1.11.0/f0d047931d07cfbc6fa4079854f181ff62891d6f/auto-value-annotations-1.11.0.jar:/Users/daniel/.m2/repository/org/ow2/asm/asm/9.8/asm-9.8.jar:/Users/daniel/.gradle/caches/modules-2/files-2.1/org.jcommander/jcommander/1.83/c342a2ad17ec08db105146e27c7ba9c535c9bb46/jcommander-1.83.jar:/Users/daniel/.gradle/caches/modules-2/files-2.1/org.webjars/jquery/3.7.1/42088e652462c40a369b64d87e18e825644acfab/jquery-3.7.1.jar:/Users/daniel/.gradle/caches/modules-2/files-2.1/org.glassfish.jaxb/txw2/4.0.9/70325ebdebca3e7aae1dfa395fd41fc25d8a6f4e/txw2-4.0.9.jar:/Users/daniel/.m2/repository/com/sun/istack/istack-commons-runtime/4.1.2/istack-commons-runtime-4.1.2.jar:/Users/daniel/.m2/repository/com/google/guava/failureaccess/1.0.2/failureaccess-1.0.2.jar:/Users/daniel/.m2/repository/com/google/guava/listenablefuture/9999.0-empty-to-avoid-conflict-with-guava/listenablefuture-9999.0-empty-to-avoid-conflict-with-guava.jar:/Users/daniel/.m2/repository/com/google/j2objc/j2objc-annotations/3.0.0/j2objc-annotations-3.0.0.jar:/Users/daniel/.m2/repository/org/hamcrest/hamcrest-core/1.3/hamcrest-core-1.3.jar:/Users/daniel/Software-Projects/kortty_java/korTTY/.claude/worktrees/agent-af4d1d982f6029a92/build/classes/java/motherPlugin:/Users/daniel/Software-Projects/kortty_java/korTTY/.claude/worktrees/agent-af4d1d982f6029a92/build/classes/java/effectPackPlugin
Launcher Type: SUN_STANDARD

[Global flags]
     intx CICompilerCount                          = 12                                        {product} {ergonomic}
     uint ConcGCThreads                            = 5                                         {product} {ergonomic}
     uint G1ConcRefinementThreads                  = 20                                        {product} {ergonomic}
   size_t G1HeapRegionSize                         = 16777216                                  {product} {ergonomic}
   size_t InitialHeapSize                          = 1610612736                                {product} {ergonomic}
   size_t MarkStackSize                            = 4194304                                   {product} {ergonomic}
   size_t MarkStackSizeMax                         = 536870912                                 {product} {ergonomic}
   size_t MaxHeapSize                              = 25769803776                               {product} {ergonomic}
   size_t MaxNewSize                               = 15451815936                               {product} {ergonomic}
   size_t MinHeapDeltaBytes                        = 16777216                                  {product} {ergonomic}
   size_t MinHeapSize                              = 16777216                                  {product} {ergonomic}
    uintx NonNMethodCodeHeapSize                   = 7602176                                {pd product} {ergonomic}
    uintx NonProfiledCodeHeapSize                  = 122044416                              {pd product} {ergonomic}
    uintx ProfiledCodeHeapSize                     = 122011648                              {pd product} {ergonomic}
    uintx ReservedCodeCacheSize                    = 251658240                              {pd product} {ergonomic}
     bool SegmentedCodeCache                       = true                                      {product} {ergonomic}
   size_t SoftMaxHeapSize                          = 25769803776                            {manageable} {ergonomic}
     bool UseCompressedOops                        = true                           {product lp64_product} {ergonomic}
     bool UseG1GC                                  = true                                      {product} {ergonomic}
     bool UseNUMA                                  = false                                     {product} {ergonomic}
     bool UseNUMAInterleaving                      = false                                     {product} {ergonomic}

Logging:
Log output configuration:
 #0: stdout all=warning uptime,level,tags foldmultilines=false
 #1: stderr all=off uptime,level,tags foldmultilines=false

Release file:
IMPLEMENTOR="Eclipse Adoptium"
IMPLEMENTOR_VERSION="Temurin-25.0.1+8"
JAVA_RUNTIME_VERSION="25.0.1+8-LTS"
JAVA_VERSION="25.0.1"
JAVA_VERSION_DATE="2025-10-21"
LIBC="default"
MODULES="java.base java.compiler java.datatransfer java.xml java.prefs java.desktop java.instrument java.logging java.management java.security.sasl java.naming java.rmi java.management.rmi java.net.http java.scripting java.security.jgss java.transaction.xa java.sql java.sql.rowset java.xml.crypto java.se java.smartcardio jdk.accessibility jdk.internal.jvmstat jdk.attach jdk.charsets jdk.internal.opt jdk.zipfs jdk.compiler jdk.crypto.cryptoki jdk.crypto.ec jdk.dynalink jdk.internal.ed jdk.editpad jdk.internal.vm.ci jdk.graal.compiler jdk.graal.compiler.management jdk.hotspot.agent jdk.httpserver jdk.incubator.vector jdk.internal.le jdk.internal.md jdk.jartool jdk.javadoc jdk.jcmd jdk.management jdk.management.agent jdk.jconsole jdk.jdeps jdk.jdwp.agent jdk.jdi jdk.jfr jdk.jlink jdk.jpackage jdk.jshell jdk.jsobject jdk.jstatd jdk.localedata jdk.management.jfr jdk.naming.dns jdk.naming.rmi jdk.net jdk.nio.mapmode jdk.sctp jdk.security.auth jdk.security.jgss jdk.unsupported jdk.unsupported.desktop jdk.xml.dom"
OS_ARCH="aarch64"
OS_NAME="Darwin"
SOURCE=".:git:61d6a2c1b35e"
BUILD_SOURCE="git:839fa0b45d809157cffd3dc8515aad262a4a1776"
BUILD_SOURCE_REPO="https://github.com/adoptium/temurin-build.git"
SOURCE_REPO="https://github.com/adoptium/jdk25u.git"
FULL_VERSION="25.0.1+8-LTS"
SEMANTIC_VERSION="25.0.1+8"
BUILD_INFO="OS: macOS Version: 14.7.7 23H723"
JVM_VARIANT="Hotspot"
JVM_VERSION="25.0.1+8-LTS"
IMAGE_TYPE="JDK"

Environment Variables:
PATH=/Users/daniel/.local/bin:/Users/daniel/.rbenv/shims:/Users/daniel/.rbenv/bin:/opt/homebrew/bin:/usr/local/go/bin:/Users/daniel/.venv/shims:/Users/daniel/.venv/bin:/usr/local/bin:/System/Cryptexes/App/usr/bin:/usr/bin:/bin:/usr/sbin:/sbin:/var/run/com.apple.security.cryptexd/codex.system/bootstrap/usr/local/bin:/var/run/com.apple.security.cryptexd/codex.system/bootstrap/usr/bin:/var/run/com.apple.security.cryptexd/codex.system/bootstrap/usr/appleinternal/bin:/pkg/env/global/bin://Applications/Topaz Gigapixel.app/Contents/Resources/bin:/Library/Apple/usr/bin:/opt/homebrew/bin:/Users/daniel/.docker/bin:/Users/daniel/Library/Application Support/JetBrains/Toolbox/scripts:/opt/homebrew/bin:/opt/homebrew/bin/python3:/Users/daniel/.lmstudio/bin:/Users/daniel/.cargo/bin:/Users/daniel/.pyenv/shims
SHELL=/bin/zsh
TMPDIR=/var/folders/8x/4_gn1b3s7j54krx80r11hm7r0000gn/T/

Active Locale:
LC_ALL=C
LC_COLLATE=C
LC_CTYPE=C
LC_MESSAGES=C
LC_MONETARY=C
LC_NUMERIC=C
LC_TIME=C

Signal Handlers:
   SIGSEGV: crash_handler in libjvm.dylib, mask=11100110000111110111111111111111, flags=SA_ONSTACK|SA_RESTART|SA_SIGINFO, unblocked
    SIGBUS: crash_handler in libjvm.dylib, mask=11100110000111110111111111111111, flags=SA_RESTART|SA_SIGINFO, unblocked
    SIGFPE: crash_handler in libjvm.dylib, mask=11100110000111110111111111111111, flags=SA_RESTART|SA_SIGINFO, unblocked
   SIGPIPE: javaSignalHandler in libjvm.dylib, mask=11100110000111110111111111111111, flags=SA_RESTART|SA_SIGINFO, blocked
   SIGXFSZ: javaSignalHandler in libjvm.dylib, mask=11100110000111110111111111111111, flags=SA_RESTART|SA_SIGINFO, blocked
    SIGILL: crash_handler in libjvm.dylib, mask=11100110000111110111111111111111, flags=SA_RESTART|SA_SIGINFO, unblocked
   SIGUSR2: SR_handler in libjvm.dylib, mask=00000000000000000000000000000000, flags=SA_RESTART|SA_SIGINFO, blocked
    SIGHUP: UserHandler in libjvm.dylib, mask=11100110000111110111111111111111, flags=SA_RESTART|SA_SIGINFO, blocked
    SIGINT: UserHandler in libjvm.dylib, mask=11100110000111110111111111111111, flags=SA_RESTART|SA_SIGINFO, blocked
   SIGTERM: UserHandler in libjvm.dylib, mask=11100110000111110111111111111111, flags=SA_RESTART|SA_SIGINFO, blocked
   SIGQUIT: UserHandler in libjvm.dylib, mask=11100110000111110111111111111111, flags=SA_RESTART|SA_SIGINFO, blocked
   SIGTRAP: crash_handler in libjvm.dylib, mask=11100110000111110111111111111111, flags=SA_RESTART|SA_SIGINFO, unblocked


Compilation memory statistics disabled.

Periodic native trim disabled

---------------  S Y S T E M  ---------------

OS:
uname: Darwin 27.0.0 Darwin Kernel Version 27.0.0: Tue Aug 11 21:05:42 PDT 2026; root:xnu-13432.1.9~1/RELEASE_ARM64_T6031 arm64
OS uptime: 4 days 5:29 hours
rlimit (soft/hard): STACK 8176k/65520k , CORE 0k/infinity , NPROC 10666/16000 , NOFILE 1048576/infinity , AS infinity/infinity , CPU infinity/infinity , DATA infinity/infinity , FSIZE infinity/infinity , MEMLOCK infinity/infinity , RSS infinity/infinity
load average: 8.09 6.33 5.63

CPU: total 28 (initial active 28) 0x61:0x0:0x72015832:0, fp, asimd, aes, pmull, sha1, sha256, crc32, lse, sha3, sha512
machdep.cpu.brand_string:Apple M3 Ultra
hw.cachelinesize:128
hw.l1icachesize:131072
hw.l1dcachesize:65536
hw.l2cachesize:4194304

Memory: 16k page, physical 100663296k(2834160k free), swap 10485760k(1006080k free)

vm_info: OpenJDK 64-Bit Server VM (25.0.1+8-LTS) for bsd-aarch64 JRE (25.0.1+8-LTS), built on 2025-10-21T00:00:00Z with clang Apple LLVM 15.0.0 (clang-1500.1.0.2.5)

END.
